./images/husky1.jpg,0.2953,0.5353,0.3471,0.0249,0.1992,0.2572,0.0707,0.1224,0.0355,3.3413,0.4287,1.2525,1.7182,0.8362,0.5220,0.2126,0.1778,0.5300,0.4133,0.9119,0.9055,1.9437,1.2870,0.0225,1.9008,0.9691,0.7409,2.5124,1.0054,1.1558,1.8707,0.0845,0.3736,1.4872,0.3670,1.5118,1.0384,0.6919,2.1198,0.0952,2.1504,0.4817,0.0917,2.2348,0.1526,0.3185,0.9015,1.2193,0.5516,1.2658,0.2599,0.7642,0.6846,1.0097,1.6463,0.2859,1.9456,0.0003,2.8074,0.2046,1.1675,0.5250,2.0655,1.0156,0.1451,1.0524,1.7186,0.4217,0.2470,0.0000,1.4721,0.1051,0.2776,0.3934,0.1921,1.3180,1.3844,0.8814,0.0837,0.0740,0.0065,1.1785,1.4141,0.1845,1.0894,1.1892,1.0020,0.1229,1.3126,1.3436,0.8241,0.3011,0.2696,0.4862,0.2319,0.4872,1.1585,0.6709,0.2060,0.3556,0.3244,1.0978,1.0373,1.0506,0.5448,0.2783,0.6638,2.1148,1.6326,0.2415,1.3261,0.0992,0.2197,0.2076,0.1535,0.5931,0.3309,0.8540,0.0649,1.9027,3.0296,3.6598,0.6985,0.0169,0.0335,0.4428,0.1003,0.1124,3.1031,2.3187,0.7726,2.1464,0.8586,1.4653,0.2739,0.5152,0.5728,0.9868,0.8296,0.6187,0.4289,3.3995,0.4780,1.7181,0.2988,3.0616,2.2649,2.0403,0.2475,2.0754,1.9283,0.1947,0.7273,2.7887,0.4901,0.0827,1.1004,0.4513,0.0470,0.7294,0.4564,0.1387,1.6410,0.2596,0.2766,0.9659,1.6068,0.1057,0.1379,0.4004,1.1910,1.5469,1.7368,2.4994,1.2955,1.2019,1.5006,0.1251,1.1979,0.1953,1.9853,0.5832,0.9601,0.7361,0.0842,0.5049,2.9084,1.9332,0.0849,1.0012,0.1093,5.0343,0.2602,0.1816,0.7300,0.6558,1.8119,0.7179,1.1284,0.6463,1.3409,0.3765,2.4625,0.3518,0.2736,0.3205,0.0455,0.1459,1.9245,0.6636,0.0807,1.2515,0.6357,2.5417,2.8175,0.0224,0.5191,0.4103,2.1815,0.2905,0.8709,1.4552,0.9924,0.9534,1.4239,0.1111,0.4485,0.3172,0.6607,0.1152,2.1066,1.3114,0.1194,1.8535,0.2912,0.4671,0.0000,0.6707,1.1787,0.0566,0.1920,1.0699,0.8826,0.2554,0.8547,0.0384,0.5366,1.1907,2.5862,0.5890,0.3027,4.1654,0.7312,0.2874,0.5602,0.6011,0.1739,4.1136,2.4097,1.6898,1.1024,0.9227,0.0849,0.2456,0.4885,0.3857,1.2539,1.4430,0.5389,3.1466,0.9451,1.7996,0.0966,0.9397,2.3664,0.2003,0.6184,0.2446,0.5089,0.4681,1.0821,1.0319,0.2277,1.2366,0.1484,0.3948,1.6385,0.0386,1.8763,0.8383,0.9597,0.2435,0.7484,2.6037,0.1459,0.2750,0.7516,0.4296,0.0830,0.2554,0.2384,2.1639,0.8503,1.6352,0.1655,0.2285,0.6400,2.2121,1.2083,1.5834,0.1746,0.1313,3.9897,1.8685,1.8016,0.0243,0.4965,2.0102,0.0101,1.1775,0.7846,0.2450,1.0688,0.2294,0.1488,0.4881,0.1050,0.8018,1.4825,0.3368,0.1315,1.0626,1.3457,0.1498,1.2204,0.1943,1.5945,1.2746,0.7041,0.2553,1.2781,1.2580,0.6257,0.9236,0.3120,2.2926,0.7943,0.1998,1.5685,0.0653,1.0227,1.1123,0.7994,1.2863,0.2056,1.4797,1.2556,0.6016,0.8206,0.1359,2.8596,1.2619,2.3616,0.1835,0.4492,0.2787,3.0602,0.2789,0.7907,0.9705,3.0055,0.1023,1.6949,0.9540,1.3311,0.8558,2.4572,1.3925,0.2916,2.3114,1.1261,0.8161,0.0353,1.2937,1.9272,1.0312,0.2742,0.3870,0.9543,0.9801,2.2972,0.3237,1.5465,0.5352,0.2194,0.4279,2.0225,0.6219,0.5090,0.0057,0.3074,0.2239,0.5166,3.1199,1.1749,0.7355,0.8313,0.1211,0.5632,0.3599,0.1245,0.1009,1.1569,1.4455,1.3372,1.6041,0.0173,0.7989,0.7326,1.1015,0.5966,0.7409,0.6645,0.4932,0.5129,0.0000,0.5727,0.7264,0.1688,0.8136,0.3600,0.1112,0.0000,1.0725,0.7627,4.3534,4.4888,0.2673,0.2296,3.1686,2.0226,1.2131,2.4108,1.5981,1.0866,3.7231,0.2871,0.5285,2.5234,0.6755,0.4326,0.0516,0.8532,0.9503,0.0646,1.5919,0.2549,1.0572,0.0411,0.4315,2.1465,0.0344,1.3378,0.6131,0.6183,1.1399,0.0107,1.0003,1.1370,2.2783,1.7926,2.7639,0.2995,0.8857,1.1022,0.6462,0.0872,0.2531,0.5275,0.6873,4.0536,1.6322,1.3982,1.6192,1.4725,0.3503,1.0139,1.9154,1.1599,1.3910,3.9161,0.7794,1.3955,3.1909,1.2251,0.8817,1.8989,0.4015,0.4006,0.8711,4.2518,0.2109,1.4026,0.6513,2.8132,1.0470,0.0027,0.5768,0.7921,0.3695,0.5702,0.1776
./images/banana1.jpg,1.5426,0.8587,0.4558,0.0266,0.0344,0.0580,0.0730,0.7897,0.0911,1.5049,0.0568,0.1743,0.0793,0.2040,0.1736,1.2709,1.5189,0.9119,0.0125,3.2347,0.7635,1.8980,1.1786,0.0191,1.1260,0.3871,0.9472,0.1658,0.2698,0.3765,1.0243,2.2673,0.1591,0.8204,0.4530,3.0970,1.5264,2.2122,0.4517,1.4469,0.6035,0.5686,1.4930,0.1478,0.2843,1.0387,1.4005,0.0000,0.2913,0.5115,0.3199,0.3062,1.9278,2.3099,1.9800,0.4753,0.0025,0.0771,0.5976,0.3030,2.7465,2.7256,0.7848,0.1967,2.2952,0.9766,0.4254,0.5951,0.0972,0.0000,0.4550,0.2880,0.3056,0.0566,0.1042,0.0566,0.3837,0.2185,0.1033,1.4091,0.4104,0.3323,0.5013,1.7333,2.6902,0.3572,1.0346,0.3718,0.1756,0.0140,0.3669,0.0654,0.0576,0.8583,2.3512,0.5836,0.5248,0.8184,0.1239,0.1190,0.5088,0.0137,1.6784,0.5833,1.6641,1.5817,0.7160,2.1057,1.5844,1.9536,0.7045,0.0739,3.5501,0.8419,0.1366,0.6097,0.4054,0.3161,0.0389,0.0335,0.8679,1.7545,0.5386,0.7400,0.5639,0.7821,0.0448,0.1516,0.2415,0.0883,0.3764,0.2813,0.6700,1.1633,1.4338,0.6917,0.8832,0.4678,0.5110,0.1855,1.6918,0.1144,2.3243,0.2143,0.8037,2.7642,0.5245,0.1669,0.2369,1.5319,2.9166,0.0009,1.2848,1.1836,0.0641,0.0904,0.0902,0.7008,0.0187,0.1851,0.7847,0.2745,0.1072,1.4045,0.7907,0.0978,1.5647,0.7116,0.3551,0.0086,0.3494,1.3834,0.7781,1.5476,2.6940,3.1031,1.6874,0.0709,1.0059,2.0255,0.2478,0.0659,1.7362,0.8682,0.1272,0.9450,2.7639,2.5873,0.3190,0.3657,0.0727,1.0355,0.8849,1.2083,0.0038,0.4145,1.1538,0.2257,0.4290,0.2241,0.0038,0.2479,0.6356,0.3451,1.3553,1.1378,0.4254,1.4879,2.6254,0.2072,0.5732,0.7578,0.8746,1.8473,0.8905,1.9954,0.4293,0.3248,0.1932,0.1924,1.0557,0.9236,2.2747,0.1204,0.0241,0.6360,0.8951,0.3566,0.3549,0.0738,0.1300,1.0102,0.3253,2.4625,0.0541,0.3881,0.3891,0.1909,0.5611,0.1826,0.0000,0.1750,0.1330,2.0546,0.1626,2.5201,0.5660,1.5386,0.1853,1.9371,0.3207,3.8572,1.9605,1.2423,1.2110,0.2098,0.7475,1.0048,0.0000,2.1337,0.1606,0.1232,0.3007,1.2517,0.1228,0.1217,3.9927,0.0843,0.4029,0.7996,0.6354,1.0199,0.2113,0.0306,2.2016,0.7203,0.3751,3.0420,2.3494,0.3984,0.7878,1.3150,0.0000,0.3603,0.5385,0.0938,0.1770,0.0823,0.9012,0.9068,0.1343,1.5365,0.6377,0.2802,0.3668,0.1122,0.8568,0.4456,0.0966,0.1327,0.0917,0.0770,0.7192,0.2994,0.8124,0.0888,0.4953,0.1930,0.2083,1.0212,0.0914,1.2335,0.4271,0.1792,0.5884,0.0000,0.9965,0.6809,0.9461,0.0228,0.1294,0.0810,1.0611,0.1693,0.1494,0.0050,1.7558,0.0458,1.2877,0.0000,0.3650,1.1331,0.6238,0.2743,2.8678,1.4865,0.4169,0.1934,1.9057,0.6270,0.8596,0.2198,1.2127,0.1771,0.0138,0.7306,0.2616,0.4398,1.8102,1.6241,1.0731,0.4524,0.0294,2.2686,1.1457,3.4960,3.1499,0.6128,0.0167,2.9334,1.0339,0.2106,0.1964,0.6271,0.2779,1.9447,1.0153,1.3912,1.2374,0.0199,3.0354,0.4168,2.6443,0.1514,1.0911,0.6655,0.4570,1.1045,0.0414,1.1887,0.6628,0.4234,0.0285,0.6993,1.4331,1.1031,0.1768,3.1529,0.0840,0.1308,0.0714,0.0729,0.0001,0.8674,1.0735,2.6837,1.0284,0.1215,0.4003,1.9727,2.2937,0.1778,0.4178,0.1773,1.2530,1.2994,0.0200,1.2294,0.0895,0.1758,0.1234,0.0175,0.1900,0.4127,2.1235,0.0623,1.7663,0.0680,2.6076,0.7167,2.0158,1.3181,0.1066,0.2460,1.2447,0.0246,0.0813,0.1628,1.9877,0.0243,0.0770,1.0141,0.2512,2.5350,0.5919,2.8563,4.6185,0.2065,0.2053,2.7751,0.3734,0.6897,0.9498,1.0646,0.2587,2.5147,0.5360,1.1555,1.2592,0.1616,1.1340,0.0004,2.0845,0.1869,0.1370,0.5582,1.0322,0.1011,1.2506,0.0000,0.3976,0.3215,0.6747,0.1798,0.3261,1.7359,0.0635,0.0005,0.4365,1.4061,1.2037,0.1195,0.7359,0.0605,1.0870,0.4433,0.1458,0.2693,0.2218,0.6142,1.9855,1.3555,0.2463,2.0941,3.1516,0.0540,1.0080,0.1558,0.1037,1.4753,2.9285,0.1141,0.2803,2.0879,0.8455,1.5062,3.5793,0.2187,2.3126,0.0152,1.7075,0.1696,0.9044,0.3803,2.1408,0.1722,1.1356,1.7595,0.2195,0.1306,0.4278,0.0408
./images/banana3.jpg,0.5229,1.6091,0.7987,0.5523,1.1956,0.3831,0.7406,1.2764,0.1834,1.7214,0.7241,0.2796,1.1776,0.3531,0.1406,0.9445,1.1364,0.9096,0.3859,1.3546,0.0627,1.5370,0.1622,0.9296,0.2807,2.0319,0.3475,0.7038,1.2524,0.9541,1.0121,0.6189,0.0009,0.6407,0.4031,0.7479,1.0482,0.8408,1.2933,2.2855,1.4843,0.8059,2.1537,2.2049,1.6054,0.4430,0.5204,1.0182,0.7582,0.2569,0.0148,1.0123,0.5909,2.0387,2.3479,0.9693,0.4345,0.1321,0.6160,0.1454,1.4575,0.8837,1.1688,0.8229,1.1753,0.5665,0.2270,1.2030,0.9461,0.5875,1.1401,1.2163,0.6316,0.4158,0.0473,0.9768,1.2039,0.0494,0.9172,0.6930,0.6312,0.5443,0.3554,0.4955,1.9345,1.8689,0.5209,0.4437,0.6372,0.0368,0.3093,0.2160,0.3602,2.2375,1.3637,1.1230,0.1271,0.7377,0.0000,1.0495,0.2199,1.3409,0.7215,0.0909,1.0182,3.3466,0.8510,2.8543,0.6110,0.2487,2.1210,0.8009,0.6239,1.3145,0.8718,0.6944,0.4246,0.2981,0.6260,1.8703,1.5194,0.0920,3.5207,0.7212,0.6924,0.8969,1.1422,0.4785,1.8277,1.0255,0.7706,1.4537,0.9210,0.3497,1.3352,2.1283,0.4297,0.2289,2.0032,0.9909,0.0072,0.8807,1.7123,1.4258,0.1767,0.7149,0.4911,0.9236,0.7406,1.1922,1.9560,0.2138,3.1654,2.6113,0.0816,0.5747,0.2018,0.6429,0.3229,0.3098,0.0000,1.1213,0.0825,0.6228,0.1641,1.6286,1.3719,1.6545,0.6810,0.2804,0.3694,0.9592,0.4013,1.5635,1.5928,2.2680,0.4393,0.5874,0.3911,0.3662,1.5814,0.2208,1.6283,2.2065,0.0033,2.7580,0.2588,0.6352,0.0388,0.2832,0.4879,0.4166,0.7251,0.2594,1.4624,1.3975,1.0532,0.0017,0.2268,0.0393,0.4351,0.0701,0.8899,0.7850,0.7946,1.0014,0.0477,1.8536,0.5568,0.8403,1.1476,0.8062,0.9835,0.3660,0.3776,1.9406,2.0842,0.1466,0.0947,0.2145,2.5292,0.0421,4.2531,0.9915,0.0000,1.9420,0.8359,0.0553,0.0225,0.0414,0.3567,1.3695,0.2889,1.0850,0.7244,0.5372,1.2979,0.0764,0.0632,1.4437,3.2424,0.1760,0.7456,1.2420,0.8787,1.9545,0.3747,0.3583,0.0831,1.5779,0.2675,2.3045,1.3194,2.0641,0.4407,0.6749,0.0927,0.5043,0.7620,0.2585,0.3079,0.7444,0.2297,1.0713,1.3579,3.0094,1.3900,0.0562,0.1332,1.5039,0.5443,0.6634,0.3851,0.8244,2.3593,0.0187,1.7062,2.2900,4.5170,0.1995,1.1670,0.3610,0.2370,0.0670,0.2088,0.6076,1.3887,0.4353,1.2033,0.0343,0.0126,1.7654,1.0166,0.2884,0.0090,0.2637,0.0347,0.5308,0.0452,0.1782,1.4206,0.0846,1.1966,0.9838,0.4661,0.0994,0.9714,0.1696,0.4496,2.8026,3.1801,0.5147,1.8395,0.5242,0.3889,0.6086,1.1809,0.2439,1.0097,0.0980,0.8482,0.0059,3.2782,0.3790,1.2485,0.4126,4.9166,0.0074,0.1738,0.1480,0.0027,0.7606,3.1946,0.1306,2.3889,1.5719,0.3240,0.2064,2.3893,1.6338,1.8390,1.2187,1.4658,1.2716,0.7303,1.1298,0.9606,0.7790,0.3506,2.2638,2.6917,0.7851,0.7631,1.0026,0.5772,0.6277,1.3118,0.9286,0.1031,1.2307,0.0000,0.3247,0.6721,0.3515,0.9957,1.4157,0.0826,0.3640,1.1675,1.7549,1.4285,0.6899,1.2233,0.9096,0.3991,0.7386,0.4415,0.7323,0.7052,1.3031,0.4182,0.2071,1.1240,1.4007,2.5855,0.9848,0.7877,4.0259,0.0759,0.6982,1.1530,1.6588,0.0187,1.0093,0.5463,0.8872,1.0246,0.4541,1.6391,0.6966,1.9720,0.0163,0.3976,0.2905,0.2668,0.7433,0.0396,0.6685,1.5717,0.2971,0.4389,0.1799,0.1311,1.2466,0.4431,0.1500,1.0109,0.0558,2.5350,0.3888,1.4373,1.9174,0.6434,0.1864,0.0000,0.0703,1.2418,0.7659,0.8365,0.7794,0.1806,0.5008,0.7466,1.4139,0.1490,2.2946,2.8990,0.9241,0.5324,3.1388,0.1929,0.0055,0.7405,1.4101,0.2027,0.9024,0.6051,0.8138,1.3500,1.1965,1.1869,0.2512,0.2141,1.5136,0.0815,0.6189,0.9327,1.1799,0.6546,1.3204,0.3261,0.3924,1.6170,2.3227,1.1575,1.3990,0.4899,0.0549,1.9211,0.6240,2.1883,0.1265,0.3631,0.6801,0.3603,0.3366,0.0393,0.4162,0.1620,0.0513,3.1081,0.2240,0.9278,2.0169,0.5132,0.9913,1.4150,0.5980,0.9391,0.0145,1.9821,0.1297,0.1769,1.3221,1.6724,0.5354,2.5761,0.2900,1.2368,0.5771,1.0555,0.6010,1.8845,0.5217,2.0265,0.6753,1.9076,0.8390,0.0528,0.8666,0.9582,0.3332
./images/husky3.jpg,0.4761,1.0667,0.3071,0.2792,0.5279,0.1821,0.5895,0.5966,0.0000,3.3837,1.0378,0.5117,1.4230,0.1310,0.5122,1.2552,0.3127,1.3389,0.3538,1.0080,2.1130,1.7580,1.5800,0.0073,0.6647,1.7545,1.0868,1.4199,0.1020,1.6662,2.6779,0.6644,0.3343,1.1370,1.5679,1.9767,2.2643,0.8314,0.9567,0.4530,1.9488,0.9254,1.0485,2.5316,0.5395,1.6700,0.7766,1.8612,0.9329,1.0811,2.6743,0.0064,1.7055,1.3635,0.9971,0.8603,2.0956,0.0808,1.1684,0.4130,2.4258,0.6452,1.0728,0.0073,0.3807,0.0022,1.6585,0.0302,0.0761,1.1314,0.8546,0.0942,0.4343,0.6409,0.2718,0.4956,0.1329,0.8534,0.3628,2.0346,0.1326,0.9749,0.9228,1.2250,3.1311,0.3821,0.8162,1.0904,0.3748,3.0495,1.2422,0.5944,0.1517,0.5758,0.3597,0.2044,1.7259,0.1408,1.2211,0.2061,1.0452,1.4867,0.0676,1.6674,0.6452,1.2777,1.6229,1.6103,0.9053,0.9720,1.9213,0.0604,0.0062,0.1549,0.4400,1.6765,0.3611,0.5820,1.3150,2.8081,0.4018,2.5650,1.1260,0.3160,0.3246,1.7687,0.1255,0.2089,2.0771,0.7942,1.7252,0.9058,0.1068,2.0122,0.9332,1.1081,0.5814,0.8277,1.1212,0.7809,0.3563,0.7793,1.4414,1.6249,1.1111,0.7801,0.5295,0.0405,0.0404,1.0219,2.8285,0.2723,1.5846,0.4718,0.3758,0.6862,0.0271,0.5371,0.0802,0.2216,0.0683,0.1740,0.5918,0.6830,0.7114,1.4694,0.6086,0.3618,0.3942,0.2374,0.4156,1.4240,1.0799,1.7589,0.3981,4.0147,1.4691,1.1381,1.9323,0.4858,0.4998,0.6352,0.7520,0.6825,0.4848,2.0987,1.5619,0.9368,0.7150,0.2783,1.9930,1.6244,1.6685,0.2710,1.2883,0.1412,1.3528,0.6231,0.3520,1.1607,0.8320,0.1058,2.2467,0.4975,1.0977,0.9069,0.3215,0.6776,2.9193,1.4583,0.2179,1.0476,0.1050,3.0013,0.7573,0.1566,1.7500,1.5990,2.6614,0.0154,0.5826,1.4105,0.9325,1.1226,0.1971,0.2291,1.6083,0.9556,0.6492,0.0228,2.5145,3.8889,0.7628,2.1140,0.3693,0.2770,0.0123,0.2384,0.6735,0.0901,0.9752,0.0460,0.5070,0.6821,0.6813,0.1966,0.8342,0.8397,2.5022,0.5915,0.9653,3.2882,0.2241,0.9288,1.7686,0.9528,0.6673,2.7569,2.2249,1.9816,1.0183,1.4204,0.2784,0.1825,1.3705,0.8575,0.4997,2.0669,1.6221,2.8255,0.2215,0.3167,0.1520,1.0173,1.0576,0.9943,0.9962,0.6250,0.7104,0.1265,0.9973,2.0446,0.8655,0.5735,0.8071,1.3583,2.3611,1.7552,0.4250,0.4446,0.0430,1.0429,1.6908,0.5388,0.9944,0.0031,0.2919,0.9897,0.3300,0.2664,2.1051,1.8612,0.4789,1.4471,0.3000,0.1197,2.5254,2.9268,0.1502,0.7907,0.6049,0.8836,1.6038,0.2634,0.3145,0.2827,0.3576,3.6105,0.0602,1.0053,0.0509,0.5925,3.7256,0.2699,0.0057,0.8922,1.8379,0.0178,3.1188,0.3653,0.1875,1.8232,0.7816,0.6433,0.7129,0.4510,0.9327,1.6413,0.7809,2.5304,1.7109,0.8713,1.8856,0.2753,0.5176,0.7615,0.7427,1.6339,0.7115,0.9284,0.7134,1.7097,2.0211,1.7040,1.2938,2.5694,0.7747,0.1187,0.5602,1.1874,1.1648,0.9604,0.1830,1.4894,1.8103,0.4242,2.7767,1.8344,0.1945,0.8739,1.8826,0.3482,1.6057,0.2169,0.9790,0.7926,1.0739,0.4140,0.0429,0.6300,0.6164,1.4172,0.8869,1.4503,2.0905,0.8501,0.2382,1.4589,1.3487,1.7674,3.8525,0.1391,0.0720,0.6869,0.2713,2.1055,2.0139,0.0083,0.0472,0.3465,1.1228,0.1375,0.7087,0.9480,1.8320,0.5449,0.7467,1.1014,0.2438,1.1208,1.7257,0.1838,2.7735,0.8315,1.7671,1.1630,0.0149,0.9411,0.8226,0.4920,0.9151,0.0836,0.2363,0.2143,0.0533,0.0511,2.0737,0.8138,0.1276,3.2166,0.8796,1.8152,0.1587,0.3085,0.0057,4.3749,0.9303,0.0247,0.8487,2.2388,0.3005,1.2828,4.4342,0.8489,1.5645,2.4534,0.3928,2.5554,2.5568,0.2351,1.7409,1.4957,1.4539,0.7047,0.3300,0.7000,0.1944,1.4334,0.8729,0.1453,2.4022,0.6678,0.5552,1.1923,1.0825,1.2132,0.1154,0.4653,0.7421,1.1771,0.4843,1.3712,0.0308,1.0878,1.4322,0.7833,0.1127,0.1988,0.6695,1.8739,1.2422,1.5460,1.0331,1.0478,1.7654,0.4863,0.0027,2.0852,1.8152,0.0090,3.1796,0.9498,0.1199,1.7104,3.2542,0.2151,0.2696,0.1948,0.3352,1.0610,2.3085,0.3661,1.0470,0.9269,2.6584,0.1748,0.1543,2.1384,0.3130,2.1893,1.9878,0.4397
./images/husky2.jpg,0.0592,1.0264,0.6722,0.0000,0.5421,0.1687,0.6082,0.0664,0.0000,0.8894,0.5254,2.3068,0.2990,0.2603,0.3112,0.2946,0.5184,1.6390,0.7367,0.2202,1.8138,1.0456,0.3642,0.1612,2.2232,3.2116,0.3975,2.1301,1.8695,0.8101,1.3428,0.0785,0.0000,0.3441,0.3567,2.9134,1.9740,0.8705,0.6028,0.2215,2.0473,0.2348,0.6396,2.4334,0.5449,0.5595,0.2798,0.8690,0.7629,0.5203,0.1806,0.7856,3.0562,0.2289,0.8903,0.7527,0.5902,0.3151,0.3017,0.0091,2.8645,0.1711,1.0933,0.1734,0.3776,0.7967,0.7747,0.2092,0.0034,0.0863,1.5410,0.0000,0.0452,0.8188,0.8798,2.2007,1.1402,0.6248,0.0000,0.0306,0.0016,0.5085,0.8286,0.4931,1.0227,2.5882,0.4867,0.6393,1.0709,0.0053,0.3114,0.1181,0.0271,0.0000,0.6408,0.5030,0.3487,1.2585,0.2390,1.5979,0.1482,1.9138,1.8158,0.1341,0.8832,0.7168,0.6793,2.0302,0.2959,0.0539,0.3531,0.8889,1.4626,0.9512,0.4403,0.2842,0.2736,0.8799,1.4385,1.7816,3.4489,0.0577,0.5180,0.0308,0.1494,0.1042,0.0627,0.0197,2.4225,1.3553,2.5954,2.6624,0.4535,0.9476,0.0734,0.5309,0.0484,0.8876,2.4437,0.6937,0.0778,1.1565,0.7761,3.6129,0.1913,0.8593,0.0123,3.2420,0.1989,0.4096,1.3677,0.0630,1.0052,4.2014,0.1070,0.1436,0.9684,0.0328,0.1196,0.4049,0.3531,0.0342,1.3112,0.0935,0.2474,2.4341,2.7432,0.0212,0.2039,0.1257,2.2441,2.4076,2.7446,2.1262,0.0961,2.2963,0.7737,0.3055,0.4737,0.4646,0.9902,0.3873,0.9408,1.7544,0.2973,1.5089,1.7559,1.2517,0.3101,0.7352,0.4097,1.0516,2.2281,0.2686,0.4867,1.1692,0.6060,0.2495,0.7702,0.7383,0.2779,1.1968,2.9134,0.1778,1.6251,0.8306,0.1560,0.3789,0.7101,0.3482,0.2101,1.2808,0.5814,2.7697,1.6371,0.6357,1.7203,0.2731,0.2346,0.0819,1.8303,0.5410,2.0124,1.3446,0.0000,0.5211,0.3784,0.1792,0.7815,0.1779,1.9127,0.6026,0.0967,0.6916,0.1604,0.9527,0.0272,0.0821,0.8271,0.0287,0.8882,0.5330,0.0551,1.6329,0.4700,0.5243,0.3542,0.4356,1.5811,1.0762,0.5777,3.4794,0.1943,0.5572,1.2424,0.5030,0.1220,2.4954,0.5225,1.7991,2.3157,0.1902,0.0396,0.5916,0.6244,0.4081,1.4099,1.7234,0.8877,3.4138,0.2244,0.5479,0.9331,0.7250,3.4908,0.0164,0.1589,0.8149,1.1069,0.4349,1.1898,0.1599,0.5145,1.0369,0.2286,2.5904,1.6594,0.0000,0.2567,0.9180,0.1317,0.5529,0.9275,0.0350,0.1298,0.0180,0.3704,0.0067,0.0456,0.7674,0.5392,0.8277,0.5281,1.4230,0.4168,0.8238,2.1371,1.4012,0.2108,1.2873,1.5426,0.3808,1.1770,1.1446,0.4566,0.0066,0.1532,1.6272,0.0652,0.4016,0.1431,0.0384,2.5565,0.4116,1.7416,0.3962,0.2900,0.4331,1.7123,0.1800,0.5494,0.4341,2.0803,0.4963,1.6623,1.0875,1.4087,0.9869,0.7542,0.9581,3.4239,0.7879,1.0184,1.3811,0.6869,2.1614,1.2957,0.2412,0.8635,0.0837,1.1271,0.3046,0.2000,1.5877,0.1243,1.0417,1.0675,0.0063,0.1906,0.6142,0.1388,0.1564,0.4513,0.1433,1.5617,1.2972,0.8286,0.1325,1.6199,0.7190,0.9057,0.0061,1.3100,0.1500,1.2004,0.5405,1.6642,1.3974,0.8483,1.7935,1.8594,1.1499,0.0709,0.3209,1.7616,0.3091,1.6196,0.5469,0.5516,1.1630,1.9002,0.3144,0.4501,0.0610,0.7588,0.0896,2.6852,1.6435,1.4845,0.0000,0.7298,0.0588,0.3866,0.4010,1.1174,0.3433,0.5662,0.8711,0.7714,1.2762,0.4196,0.1260,0.7590,2.3953,1.6013,0.3746,0.6475,1.0492,0.7517,2.2695,1.2194,0.3249,0.1860,0.0594,0.2469,0.0031,1.7508,3.0565,0.5046,0.5134,0.0525,0.9755,0.3822,0.7600,0.0284,3.4155,2.8469,0.5466,0.2394,1.6819,0.5997,0.5719,1.0236,1.1981,1.8730,1.5212,0.1012,0.3813,0.6986,2.1000,1.2871,0.3466,1.1671,0.6208,0.6016,0.2349,0.0078,2.2958,0.5979,0.0752,0.7450,0.6001,2.5897,0.7634,1.1804,1.4571,0.1996,0.1130,0.5296,1.6441,1.2093,0.7602,0.4323,1.0354,0.4519,0.2135,0.0250,0.1004,0.5150,0.2134,5.7082,1.2862,0.7126,0.6813,0.8071,0.7695,0.0499,3.1462,0.6268,0.2912,2.3607,0.7957,0.3411,3.2028,0.9214,0.6537,3.2609,0.4161,0.7751,0.1257,0.2426,0.2385,1.0659,0.3312,5.3694,0.4220,0.2310,0.2245,0.6153,0.5578,0.1982,0.2235
./images/banana2.jpg,2.4146,2.3914,1.5775,0.9400,0.2985,0.0000,0.8728,2.4186,0.1467,0.4366,1.8402,0.7580,0.9639,0.2624,0.6804,0.1189,1.0274,1.4176,0.5968,1.6044,1.1479,5.2481,0.0000,1.2460,1.0029,3.3212,1.3720,1.1669,3.4364,3.3092,4.1198,1.5332,0.0000,0.4661,0.0867,2.9277,0.3203,0.0000,1.2537,0.5778,1.3852,0.7642,1.6368,2.1119,0.2930,2.8288,0.4516,0.9144,0.4646,0.9763,0.7035,1.2794,1.6513,0.4286,2.4780,0.2607,0.7666,0.4571,1.3335,0.0599,1.2065,0.0592,2.1368,0.4114,0.3590,0.7015,0.0290,1.2118,0.0242,0.4622,0.4613,0.6537,1.4480,1.2150,0.3762,1.3590,0.1078,0.7021,0.9197,0.2044,0.3249,0.2178,0.2886,0.4051,2.6411,2.9791,1.7364,0.2061,0.0000,0.3726,0.9821,0.1007,1.0124,1.0688,2.1233,0.4808,0.0556,0.2078,0.2678,0.5877,0.4825,0.5407,0.1541,0.0436,1.0722,0.8548,0.0865,1.3060,0.2733,0.1135,2.7031,0.1836,0.6523,0.9800,0.3807,0.8359,0.1791,0.2330,0.3259,2.6795,3.3879,0.4565,1.4478,0.6509,0.3867,0.7900,0.2819,0.3328,1.9453,0.6263,1.5828,0.6722,0.9582,2.3334,1.4624,2.1754,0.2838,0.8695,2.3619,0.4987,1.8157,0.2664,0.1244,0.9325,0.0293,3.4574,0.0597,0.8702,0.0045,1.0260,1.9725,0.0530,2.8969,1.4844,0.3819,0.0000,0.3458,0.1097,0.0315,0.6413,0.0690,0.2269,0.2572,0.4632,0.5026,0.9166,1.4534,0.8036,0.2144,0.0919,2.7946,2.0867,2.2343,1.2563,1.0827,0.9390,2.6640,1.1508,1.7332,1.5081,2.4720,0.0674,0.5210,0.4720,0.0102,0.8226,0.9925,2.4813,0.2362,0.1012,2.5635,0.1772,0.7921,2.3975,1.0137,0.5607,0.0687,0.0704,0.0587,1.2176,0.4488,0.6289,0.7065,0.4140,0.8687,1.2553,0.4415,0.2165,0.7574,1.0536,2.0790,0.5089,0.1237,2.3278,2.3535,1.2557,1.1448,0.1714,0.1471,0.1376,0.2250,0.1527,1.5734,0.2845,0.0356,0.1150,1.0012,0.2200,0.8504,0.7170,0.1024,0.8617,2.3938,1.4035,0.0840,0.0029,0.3619,0.1072,0.4577,1.3734,3.1132,0.1095,0.5096,0.2175,0.5571,0.8224,0.0590,0.7971,0.0100,1.8573,1.0010,1.1524,1.4248,1.6926,0.9805,3.4598,1.1185,0.0123,0.2664,5.5979,1.2001,0.0000,0.5561,0.8690,0.2415,4.5800,3.8170,0.7225,0.3083,3.1900,0.0658,1.3631,0.2626,0.6208,2.7589,0.0760,3.7178,3.4969,3.1218,0.8745,1.2676,0.1217,0.1048,0.0494,0.0000,0.4802,2.4519,0.2763,0.3456,0.1758,0.0445,0.1090,0.3170,0.4579,1.3554,0.2625,0.4030,0.2857,0.0000,0.2124,0.0604,0.1669,0.9315,0.6262,0.0288,0.6825,1.2340,1.1690,0.0253,3.4672,1.9824,0.5530,2.0622,0.0024,0.9720,0.3748,3.3048,0.1082,0.0449,0.4933,0.5935,0.0085,5.1050,0.3224,0.2060,0.6751,3.4934,0.0084,2.9332,0.0000,0.1348,1.0321,0.6765,0.8407,0.6104,0.6474,1.5534,0.5665,0.9147,2.1495,1.9274,0.0000,3.7268,2.1164,0.3472,1.2614,0.1350,0.8397,0.0010,2.7672,2.0272,0.3035,0.8973,1.7572,0.4407,1.1398,0.9513,1.5792,0.0702,2.6478,2.8744,0.0065,0.7245,1.0282,0.6142,0.4991,0.9661,0.4120,1.6268,0.0374,1.4132,0.1589,2.2651,1.2753,1.3620,0.3899,0.6622,0.0223,1.4607,0.6466,0.2023,1.2202,1.4907,0.4596,1.2610,0.5381,0.8032,2.4627,0.2227,0.0014,0.3899,3.5509,1.0973,1.1847,0.9646,0.2972,1.6644,0.1817,0.6057,0.2244,2.4856,0.0013,0.8651,0.0652,0.9579,2.3310,1.3828,0.8604,3.0412,0.2362,1.8779,0.2843,0.2168,1.7591,1.2487,0.7262,0.5430,0.5091,3.1589,0.0199,0.6989,0.9397,0.4441,0.1915,0.0812,0.0781,1.6109,1.3646,0.3554,0.3001,0.0072,1.2339,0.5081,1.8939,0.0429,2.6926,4.1071,0.1978,0.0000,0.8357,0.0808,0.0011,1.8268,1.1036,0.2797,1.4653,0.0024,0.1980,0.0131,0.9380,1.2015,0.1795,1.1352,2.0221,0.2967,0.1225,0.7715,1.1044,0.3327,0.4563,0.1798,0.0355,0.2335,2.4257,1.2257,0.3741,0.0665,0.5194,2.6849,3.4621,0.9318,0.7644,0.8648,1.3219,0.5159,2.3170,0.2758,0.5154,0.0007,0.4823,2.8180,0.8135,1.3246,2.3093,0.1425,1.3475,0.0868,0.3703,2.8479,0.3788,2.3613,0.2046,0.9666,1.0060,1.0308,0.0928,2.4542,0.2702,0.9707,0.0526,1.0547,0.0210,0.2977,1.7476,2.3518,2.0577,0.0393,1.3817,0.2927,0.2694,0.8665,1.9321
./images/random4.jpg,0.0639,0.8611,0.4679,0.1574,0.2098,0.3536,0.5181,0.6528,0.0650,1.4345,0.5940,0.4500,1.1647,0.7020,0.4418,0.7703,0.0174,1.2155,0.5913,0.2952,2.8291,2.5123,2.1080,0.1220,2.1421,1.8785,1.9651,1.3060,1.1579,1.8823,1.6137,0.3534,0.5192,0.1730,1.3665,0.2467,0.5592,0.9296,0.4424,0.2627,2.1899,0.0369,0.4280,0.2814,0.2424,3.6021,0.6471,0.3301,1.3987,1.1879,4.1190,1.5308,0.1702,0.8310,3.8089,0.2578,1.4640,0.3248,1.2288,0.0000,2.5739,0.7862,1.9578,0.5848,1.1684,0.1183,0.5118,1.3020,0.3291,1.8664,2.1725,0.0258,2.6295,0.4437,1.9536,1.2130,1.3304,0.3265,0.9094,0.3542,0.8696,1.4435,0.4634,1.8263,3.0908,2.7204,0.8396,0.0658,1.7468,1.0884,1.3702,3.4942,0.1195,0.6577,0.1816,1.5400,0.4847,0.1344,0.3898,0.2264,0.0628,0.8401,0.3151,0.3925,0.9762,1.8799,0.6203,1.5481,2.5555,1.3262,2.0471,0.6835,1.4270,1.4951,0.9551,1.7700,0.3776,0.0506,3.3840,3.2389,0.2858,0.0528,1.5795,1.8293,0.1463,0.2810,0.2155,0.2064,0.6184,0.5348,0.8409,0.7972,1.2739,0.7705,2.6617,0.4622,0.7670,0.2606,0.9370,2.2268,1.6989,0.3245,1.4610,1.4419,0.3342,0.9556,0.0362,2.0441,0.4469,1.1194,0.7632,0.0201,4.2015,1.6060,0.1426,1.1793,2.0746,0.3806,1.8474,0.3082,0.0747,0.0000,1.5295,2.4281,1.5538,1.4499,0.3321,4.3840,0.0929,0.8279,0.9943,0.9394,0.7158,0.5991,0.2725,2.2078,2.8605,0.3974,1.5755,1.4477,1.2511,0.1814,0.2974,0.4455,0.2895,1.6111,2.0542,3.1132,1.2820,0.4078,1.2702,0.8977,0.7378,1.0134,1.4185,2.0088,1.1450,0.9922,0.0593,1.1047,0.4258,7.9099,1.9058,1.9187,1.7044,2.4299,0.4073,0.3224,1.0519,1.4024,0.9138,0.1565,1.7655,0.0745,0.0345,0.5086,2.2970,0.0030,1.2109,1.6349,0.0038,1.2042,1.0378,0.4323,0.9446,0.1719,2.4483,0.3720,1.1345,0.1079,2.6476,1.6714,0.1162,1.7974,0.3201,0.8993,1.4121,0.5431,2.2912,0.2938,1.3128,0.2098,0.0300,0.7948,1.2445,0.8122,2.3216,0.1292,0.3638,2.4607,1.1190,0.0571,3.6900,0.1065,2.2666,0.4526,0.2648,0.8736,2.1573,1.3349,0.2325,1.0941,2.4145,0.8225,0.9056,0.3610,0.3689,0.7267,1.3461,1.9149,0.3463,0.4008,1.8567,1.8050,0.7714,0.0000,0.3516,2.5517,1.6371,1.4951,1.6856,1.8582,0.4863,0.1643,0.4510,0.9427,2.6630,0.1911,0.4526,0.9629,0.3433,0.6844,1.7334,1.0253,0.4528,0.6642,0.2030,0.1092,0.4894,2.0678,0.2462,1.0601,0.7482,0.9227,0.7441,1.5396,1.4516,0.2126,1.0875,0.9273,1.7150,0.2515,0.6323,1.8324,0.1551,0.1992,2.2274,1.6616,0.0029,0.3928,1.0785,2.5401,1.5100,0.3137,0.6878,0.0208,0.5169,0.9899,0.5642,0.0747,1.5584,2.9672,1.1106,0.4085,0.9545,0.0924,0.1877,3.3862,0.0209,1.9912,2.0309,1.2379,1.0323,0.1358,0.2324,0.9198,0.9890,0.8378,1.0633,0.2348,1.1251,0.7111,1.7918,0.8496,2.6342,2.2742,0.6144,0.4864,0.5805,1.6765,0.5290,0.1621,0.6970,0.3933,1.1765,0.7395,0.5524,0.8182,1.0445,3.1237,1.5098,0.0434,2.2553,0.4696,0.0482,0.8876,0.2591,1.9509,1.5669,1.4605,0.1053,1.2619,0.8216,0.0000,0.0978,1.3846,0.3918,0.0743,0.1731,0.7651,0.6251,4.5343,0.0011,0.0701,0.3644,0.9263,0.8998,0.6212,0.0718,0.8190,0.3922,0.7866,0.5531,0.2216,0.4291,1.3793,0.9360,1.4018,0.4393,0.8158,1.5854,0.4369,2.7207,2.2502,3.3655,0.9178,2.1861,0.6161,0.2559,0.4321,2.7609,0.4952,1.9290,0.8521,2.1858,0.7763,0.4016,1.1385,0.0655,0.4881,1.7827,0.4712,1.6544,0.4493,1.5614,4.4629,2.2935,0.4797,0.5836,1.3243,1.1949,3.2187,3.0334,0.5887,0.2497,2.1646,0.2126,2.3347,1.1240,0.2808,0.8090,0.2479,0.5790,2.4712,0.0740,0.9642,0.1117,0.8955,0.8396,0.3170,1.2769,0.1937,2.3785,0.1773,0.8251,0.7075,0.6926,1.1780,2.2279,2.2910,0.6011,0.4624,0.3333,1.8810,0.6543,0.8201,0.4077,0.6352,0.0588,0.4412,1.2685,1.6842,0.8910,0.2575,2.1533,0.6256,1.9007,1.1694,1.8922,1.1099,1.7380,0.5569,1.1283,0.6897,0.2333,0.7845,2.1550,0.3311,1.4134,0.6215,1.2798,1.6236,0.3121,1.7608,5.1613,0.8495,0.1840,0.9830,0.2676,0.0078,0.5969,1.6512
./images/random5.jpg,0.5048,2.1931,1.0556,1.0587,0.3698,0.2255,1.7248,1.3394,0.1191,2.6418,0.7859,1.4713,0.6233,0.3375,0.8170,0.7195,0.7349,0.7568,0.3099,0.0053,2.8664,3.1856,2.3068,0.0737,0.9446,1.2223,0.5977,2.0655,2.6871,0.5674,2.0627,0.4993,0.3562,0.4199,1.8092,2.8202,1.1448,0.4744,1.2053,1.9393,2.4026,0.1709,0.0549,4.3251,0.4224,0.9475,1.0920,0.3316,1.0230,1.3428,0.5432,1.4735,1.5857,0.3384,2.0203,0.6309,0.0146,0.1421,1.9409,0.2959,1.2392,0.9178,2.0398,0.0584,0.5478,0.3083,0.2147,0.3745,1.6723,0.3979,1.1871,1.3465,1.2348,0.0014,1.2524,1.6690,2.7477,0.1049,0.3395,1.7749,0.6699,0.9352,1.3534,2.3075,2.6217,2.9349,0.1794,1.4070,0.2918,0.0910,2.2048,0.2968,0.4602,0.7776,0.3849,0.7442,0.7757,0.7221,0.2133,0.2400,1.7610,1.2652,0.7872,0.1210,1.7322,0.1455,2.0175,2.2014,0.4951,0.5846,1.1187,1.3936,0.3857,0.1814,0.5600,0.9530,1.3122,0.8257,1.9768,3.2102,1.0274,0.7769,1.4765,0.7437,0.2518,1.1041,0.2435,0.6387,2.0410,0.0476,0.7170,2.6735,0.3978,0.5777,2.5765,1.2844,1.0511,2.0845,0.4566,1.0716,0.3976,2.1576,0.6939,1.4599,0.4832,0.5687,0.3164,1.5544,0.0789,1.0112,2.9866,0.4184,1.9479,2.4798,1.7635,0.2300,0.4907,0.0176,0.4729,0.1530,0.1038,0.2002,1.0394,0.7396,0.4451,1.1719,1.3343,0.2535,0.0347,1.1637,1.0350,3.3548,1.6033,1.5619,0.2478,0.6508,1.1362,0.4904,0.1497,1.5247,1.5529,0.7357,0.2363,2.0879,0.4390,0.2627,1.8877,1.5049,0.3707,1.9624,0.3348,0.6067,0.5246,1.5010,0.1462,1.1260,0.6142,0.5317,0.1053,1.4194,0.4650,2.0559,1.0536,0.5086,0.1240,0.3249,0.4919,0.7613,0.7154,0.3983,0.8720,0.0903,0.9743,3.2291,2.1385,0.8670,1.2255,0.1622,0.5430,0.5045,3.0502,0.5606,0.5844,1.0241,0.0208,1.0307,2.4540,0.6320,0.6107,0.3209,0.6534,1.6894,0.2304,2.2652,1.8516,0.3239,0.0049,0.1921,0.6675,0.1825,0.0622,0.2016,0.5287,1.0438,0.8912,1.4796,1.4693,1.8934,1.3555,1.6603,0.1888,1.0143,1.0145,2.2216,0.3645,0.5992,0.0670,1.3427,1.4065,0.5775,2.6524,0.5425,0.9697,0.9030,0.3440,2.0438,1.9376,1.0448,0.8845,1.7582,1.1555,0.5932,0.8345,0.2075,2.2961,0.1313,0.1645,0.7437,2.1664,1.3643,1.2872,1.2961,0.2981,0.4866,0.7210,1.0696,1.9133,0.0187,0.8569,1.2426,0.1071,0.7430,2.2849,0.2235,0.9446,0.1682,0.0343,0.1125,0.1121,0.7087,0.0941,0.1386,0.8978,0.3063,0.2095,1.1010,0.3447,3.1502,0.7692,0.4347,0.3899,0.4620,1.3792,1.8354,0.2661,0.0866,0.5122,0.7823,0.7249,1.3353,0.8353,0.9503,2.8296,1.9785,0.1363,0.7522,0.3691,0.3950,1.9691,0.0000,0.9914,0.8146,2.2434,0.5760,0.7243,0.2727,0.6463,0.4109,2.2762,0.6539,2.0003,0.3684,0.5881,0.2321,0.0232,0.2143,0.5410,0.7837,1.9787,0.7195,0.5253,1.5772,1.6744,1.0873,0.2961,1.4752,1.0957,0.7254,1.3870,1.4501,0.8214,0.6286,0.0128,2.1291,1.1167,0.7736,1.8793,0.1425,0.4296,2.0294,3.8869,0.0005,1.0725,1.6087,2.4403,1.2479,0.9404,0.4437,0.1419,2.8764,1.2211,0.4301,0.1210,1.1237,2.3734,0.9603,0.2408,0.6403,0.2978,0.9346,2.2860,0.9832,0.1985,1.3645,0.5095,0.5599,2.6918,0.2671,0.6934,1.1573,0.6279,0.0911,1.5910,0.6140,1.5116,3.2304,0.2956,0.6874,1.0137,1.9669,1.7706,0.0496,0.7761,1.9701,2.4602,0.0202,1.2848,1.7457,0.0045,2.7290,0.7563,1.1090,0.0852,0.4466,3.7732,0.4617,2.2808,1.9038,0.0480,0.3693,1.1043,0.6737,1.7546,1.3492,0.3795,3.6058,3.2569,0.4225,0.5175,2.0387,1.3404,0.9101,1.7806,1.2160,0.8726,2.6548,1.3617,0.4368,0.6743,0.3145,3.2318,0.0092,0.0917,0.0789,0.0320,2.0447,0.0561,0.2991,1.2439,0.9408,1.1003,0.2325,0.1867,3.1042,1.5057,1.0158,0.1592,0.0119,0.2291,1.4914,0.9719,0.7137,0.8214,0.8662,1.9421,1.9896,0.0567,0.0421,0.1479,0.0473,4.4327,3.0395,0.7879,0.7875,0.9912,0.3393,0.2048,3.0455,1.0813,0.0083,3.1632,0.1340,0.1903,2.2870,0.6221,0.3931,2.7435,0.5152,1.1848,0.7877,1.8695,0.4038,0.8487,0.4618,5.3912,0.3061,0.2263,1.0211,0.0051,1.1959,0.0719,0.7736
./images/random7.jpg,0.6658,2.5579,1.2013,0.2505,1.5750,0.0868,1.4522,0.4721,0.1111,0.3938,0.8822,0.4839,1.2628,0.1615,0.6505,0.1216,1.2743,2.1518,4.0192,0.0156,1.9108,1.8712,0.8743,0.5184,0.9409,0.9308,0.3225,0.0460,3.4940,3.3919,1.8323,2.2762,0.0231,0.1208,1.6698,1.9096,2.2715,0.1275,0.2231,1.0928,0.9936,0.1227,0.7706,3.1853,1.1670,2.1109,0.0082,1.7532,0.3875,0.0335,1.3458,0.9766,0.9313,0.1504,1.4904,0.8779,1.3626,0.7203,0.0000,0.0146,0.6182,0.9342,0.8010,0.8686,0.1680,1.4775,0.1550,0.3205,0.1221,0.7688,0.6382,0.0148,1.6909,1.1072,0.6780,0.8559,2.3055,0.3055,0.9018,3.1802,0.2543,1.5721,1.5189,1.1178,1.3278,0.5311,0.3133,0.3879,0.7747,1.3106,0.9044,0.8459,2.4976,1.4382,0.5632,0.8126,0.6153,0.2925,0.0388,0.0725,0.3740,1.6126,1.1052,0.1955,2.3973,0.1587,0.8987,1.7221,0.4601,0.4589,1.3366,2.7803,1.0518,0.1339,0.7461,0.5237,1.3599,2.8756,2.5488,1.7695,0.7626,0.5633,0.9488,0.9000,0.0416,0.8842,0.1431,0.8358,0.3958,0.2199,1.8649,0.9621,1.1285,1.4879,0.2850,0.3493,2.0889,0.2895,2.6470,1.6813,0.0731,1.6710,0.2501,1.5468,0.8388,1.5067,0.0644,0.6533,0.3846,0.1224,1.4148,0.2147,0.6825,2.4447,0.4332,0.2664,0.0280,0.1110,0.2322,0.0416,0.0337,0.6474,0.9795,1.2592,1.5387,1.6299,0.5275,0.0097,0.4647,2.3019,0.7810,1.0387,0.4687,1.0627,0.0831,1.5075,0.4955,0.8146,0.8944,1.2429,0.5944,2.6061,0.1583,1.6730,0.7266,0.3136,1.5676,1.8403,0.0441,0.5046,0.3410,1.3223,1.0328,0.4981,2.3272,0.5420,0.2016,0.8155,0.5677,1.6145,1.1444,1.2771,1.1663,0.7874,2.3800,0.4230,1.7670,0.8180,1.3822,0.1416,1.8178,0.2654,1.0501,0.3074,0.5758,1.9205,0.0322,1.5895,3.0737,0.2287,1.3527,1.3339,0.7238,1.2932,1.1972,1.4979,1.3192,0.2672,0.3100,0.3446,0.1960,0.3450,0.1601,2.3839,2.2647,2.3149,0.6991,0.2905,1.8890,0.1302,1.7523,0.9651,0.2377,0.4230,0.2654,3.1905,1.3982,1.7995,0.0693,2.0391,0.9058,1.1295,1.4755,1.0063,1.2517,0.2079,0.2113,0.2850,0.3318,0.8753,1.4929,0.1221,1.3000,1.5020,0.3151,0.7261,1.3309,0.2448,0.4642,2.8850,0.0052,0.0626,0.5208,1.7278,0.9350,0.5269,0.2502,0.2077,2.1217,0.7202,0.7579,1.6909,0.0535,0.1816,0.5075,3.3790,2.1975,0.4933,0.2192,0.4637,0.4749,0.9945,2.1060,0.2293,0.5517,0.3465,0.3052,0.9320,0.0072,1.0474,0.6952,1.0359,0.9224,0.1891,0.4578,0.5884,0.7932,1.9394,1.0375,0.3715,2.8241,1.4687,1.1727,0.7489,1.2645,0.6761,0.6353,0.0316,0.0646,0.4168,0.3379,1.0418,0.6304,0.3543,1.2496,0.4773,0.2807,1.3817,0.8899,0.1938,1.0146,0.5939,1.6290,0.5616,2.4292,0.4319,0.9664,0.3453,0.5462,2.8618,2.8703,0.8215,0.0330,0.5102,0.3612,0.0606,0.5226,1.0376,0.2703,1.4910,1.6493,1.6011,0.5684,0.6381,1.2738,2.9345,1.4301,1.0439,0.3986,3.5856,0.4771,1.1183,0.0263,0.9998,0.0729,0.4559,0.4546,1.5808,0.2073,1.1077,0.2135,0.2135,1.0664,0.6325,1.2239,1.0748,0.0062,0.4940,0.2251,2.1675,0.6486,0.6055,0.0982,0.9765,3.0508,0.0178,1.6354,0.1477,0.5499,1.1183,2.5303,0.3132,0.5210,0.3642,0.2482,1.9704,1.0108,2.5858,0.9012,0.2889,0.8053,2.7794,1.9192,0.2803,0.5727,0.6738,0.9731,0.3568,1.1353,1.9162,0.1372,0.0074,0.8188,0.8607,1.0074,1.1980,1.1954,1.9541,0.5115,3.9756,0.9005,0.0521,1.6152,0.0603,2.1019,2.3660,1.4790,2.6604,0.4040,2.3004,0.9757,0.2234,0.6607,3.2567,0.0424,3.2902,3.2509,3.1659,0.4223,0.1409,0.8942,0.5647,2.2296,1.3093,0.4480,1.4113,0.0866,0.0628,0.4403,0.8234,1.2019,0.7011,0.3979,1.2170,0.0050,0.0073,2.7806,0.6272,0.0756,0.6872,0.0060,0.5330,1.3498,0.0935,2.7352,2.7561,0.4037,1.2868,1.4967,1.0719,0.8503,0.1349,0.4993,1.4573,0.5563,0.2493,0.6703,1.3094,2.1450,1.0307,0.5019,0.1521,0.7786,1.6993,2.1256,0.9479,0.3769,3.6548,0.0091,0.1811,2.5789,0.0108,0.1095,1.1232,1.1482,3.5849,0.8563,0.3236,0.5398,0.8191,0.0351,1.2115,0.8111,2.7979,0.4981,0.6073,0.0378,1.6847,0.0164,2.1540,0.8868,0.0199
./images/random6.jpg,0.5131,2.7407,0.7890,0.7338,0.3489,1.3344,0.0817,1.4934,0.1912,1.3601,1.3344,0.4997,0.7580,0.1817,1.0296,0.2122,0.1993,0.9327,0.4317,0.6600,2.9049,0.6014,0.2600,0.0062,1.8774,0.8498,1.0536,0.6074,0.4862,0.1023,3.1137,1.3847,0.1779,1.3231,1.3745,1.0701,0.2471,0.0028,0.3466,2.0111,2.2392,0.3959,3.0078,1.3372,1.3721,2.9098,0.0322,0.7935,0.5561,0.7746,1.9176,0.2511,0.8117,1.6437,1.0646,0.5870,0.0145,0.4534,0.0145,0.1683,2.0639,1.4018,0.1961,0.3163,2.1801,1.7052,0.0357,0.0204,0.1813,0.3694,0.5792,0.0743,0.1764,0.5729,0.5279,0.3150,0.0790,0.4498,0.2562,1.4424,0.7892,0.8352,0.7692,1.7082,0.0232,0.4394,0.7148,1.9995,0.0000,0.0761,0.0808,0.2559,0.4514,0.8323,2.5811,0.1485,0.3347,0.7450,0.1377,0.6524,0.1445,0.6812,2.2033,0.1560,0.8972,1.0264,0.6915,4.1342,0.0396,0.5907,2.1791,0.1122,1.2649,0.8371,0.4138,2.3698,0.0247,1.2075,0.3424,0.4960,0.9712,0.0803,1.1386,0.1214,0.0731,1.2910,0.6622,0.4829,2.3147,0.4705,1.5705,0.7279,0.6906,1.0263,2.4952,0.0163,1.2052,1.2751,1.0068,0.2644,0.6338,0.8634,0.9039,0.6159,0.8604,1.1282,1.2534,2.4458,0.7707,0.3260,4.1962,0.2373,0.8459,1.6467,1.0431,0.1462,0.0476,0.9310,0.0000,0.0800,0.2901,1.2601,0.2231,1.6288,0.6093,1.5620,0.7110,0.2533,0.9314,0.0048,0.6859,1.1492,2.4943,1.6484,0.5258,1.2765,1.8706,0.0043,1.8779,1.3695,0.3420,0.3343,1.3737,0.5509,0.4659,0.8214,2.4628,4.1971,0.0263,0.0998,0.4869,0.1182,0.0405,2.0176,0.3640,0.3407,1.2422,0.4955,0.1051,0.4428,1.1059,0.0957,1.6357,1.8581,1.2042,0.4226,0.2876,1.1061,0.8593,0.2003,1.7523,1.1042,0.1018,1.8171,0.5787,1.1945,0.8557,0.2303,1.4439,0.6996,1.0265,1.2628,1.0276,1.3466,0.0703,1.6796,0.7208,0.2747,0.0206,0.6013,0.2342,0.7342,0.2374,2.4098,0.7547,1.1485,0.4361,0.0401,2.8328,0.2933,0.1901,0.8357,0.7008,0.8357,0.1368,0.7878,0.2236,1.1279,0.1799,0.8551,0.5042,1.2583,0.8393,0.4482,0.7472,0.1053,0.1997,0.0148,0.0142,2.5340,1.0549,0.2430,0.2213,1.8699,0.6074,1.8280,1.0167,0.4726,1.1952,2.0449,0.2823,1.3885,0.0258,0.0600,2.3336,0.2483,2.0353,2.0158,1.7403,2.2237,1.2918,1.1218,0.1098,0.3237,0.4139,1.4218,0.3837,0.0706,0.5139,0.0092,0.1475,2.2950,1.5701,0.5328,0.8105,0.1495,0.1287,0.3038,0.2662,0.5599,0.0601,0.2146,1.6023,0.6855,1.6172,0.0133,0.7323,1.8302,0.3270,1.3067,0.0930,0.2646,0.9461,0.2468,1.1428,1.0421,0.0462,0.7621,0.1043,0.2197,0.0097,0.4714,2.0839,0.9721,0.3462,0.9617,2.6148,0.4242,0.9826,0.2839,0.0582,0.1059,0.6122,0.7331,1.4500,1.9041,1.9287,0.2458,0.0555,1.6282,1.6480,0.8424,0.0496,1.3342,0.0430,0.7578,0.0529,1.3645,0.6921,4.5278,1.2862,1.5820,2.6218,0.4989,1.8824,3.3262,1.5380,0.6160,1.0084,0.3317,1.4536,0.0054,0.0929,1.0361,0.8623,0.4714,0.8205,1.5428,0.3999,0.5767,0.2858,0.2992,1.9173,0.7213,2.4140,0.3020,1.3952,1.0471,1.2052,2.6599,0.1677,0.5223,0.8027,1.0644,1.2210,0.7917,1.3722,2.9801,0.7100,2.1647,1.0601,0.1428,0.1794,2.1868,1.4814,2.4882,1.5375,0.3595,0.7091,0.1532,0.7024,0.0749,0.8642,0.6408,0.1662,1.5151,0.1447,1.0777,0.5227,1.3518,0.4959,0.4311,1.5316,1.3707,2.0318,0.1509,1.7979,0.0126,1.9808,0.3318,1.5411,0.5314,0.1058,0.8684,0.1109,0.1899,1.0956,0.0827,0.5128,0.2593,0.1002,1.3571,2.0898,2.0279,0.5358,3.8280,4.2716,0.3265,1.0291,2.1514,0.8830,0.2064,2.6287,2.1539,0.2409,1.7854,0.0060,0.7061,0.2178,0.9088,1.3776,0.3913,0.3803,0.9744,0.0039,1.0974,0.3895,0.9557,0.1990,0.0582,0.0924,0.2363,0.1202,0.4338,2.7648,1.1923,0.3676,0.1260,0.9970,1.4916,0.1467,0.1194,0.2967,0.7246,0.0957,0.3628,0.0088,0.6460,0.3774,0.6324,0.2347,0.1636,0.4471,2.1174,0.6951,0.4581,0.1147,0.2575,0.1886,0.6187,1.3066,0.2832,0.0005,3.1254,1.1172,0.1664,1.4725,1.3441,0.3733,1.4777,1.3518,1.0202,0.7721,1.8310,1.1568,0.9991,0.2783,2.5673,0.1280,1.7130,2.0006,0.5970
./images/random2.jpg,0.3726,2.5209,0.4825,0.1356,0.4308,0.3250,0.1500,2.5147,0.0213,1.5826,1.3221,1.4579,1.8587,1.5240,1.0750,0.0070,1.2247,0.5292,1.0018,0.0706,3.3638,2.3972,0.2061,0.0076,0.9724,2.3851,0.5562,1.3537,1.8697,1.7730,0.7138,0.0345,0.0438,0.5636,0.9102,2.2542,1.1804,0.0462,0.3119,0.4071,1.6522,0.1226,0.2093,1.7160,0.7862,1.0377,0.2182,0.0348,0.3304,0.5696,0.3906,0.4429,0.7632,0.2763,1.7433,0.0028,0.6359,0.3780,0.6611,0.0141,1.0544,0.0055,0.5981,1.0051,0.2716,0.5761,0.0319,0.4847,0.0138,0.5344,0.4187,0.0000,0.2033,0.8077,2.1275,1.5537,1.0696,0.2464,0.0289,0.7504,0.3414,1.3245,1.1076,0.9044,0.4762,2.4343,0.0614,1.4200,0.1181,1.8772,1.3221,3.5881,0.8065,1.4124,0.0863,0.5643,0.4860,0.6008,0.1169,0.0430,0.8051,1.6065,1.8064,0.2208,1.4239,0.0081,0.4451,2.0468,0.7596,0.9234,1.1473,0.5322,0.0756,0.3947,0.0084,1.5686,1.4132,0.3066,2.1517,2.6467,2.9326,0.4198,0.3380,0.0000,0.0000,0.5936,0.2302,0.3657,0.7437,1.9393,0.4811,0.8492,1.5563,1.2688,1.2827,1.6262,0.2784,0.3761,0.9990,0.6457,0.0000,2.5820,0.0314,2.8668,0.3937,0.4155,0.0000,1.7600,0.3347,0.2013,0.9783,1.0793,1.6175,3.0653,0.1439,0.5222,0.3408,0.1340,0.2386,0.3776,0.0670,0.1111,0.8083,0.5887,1.4839,0.2942,0.7243,0.6244,0.1483,0.2438,1.1889,2.3810,2.0800,2.1193,0.2059,0.5107,0.1415,0.1777,0.3696,0.2238,1.5438,0.0134,0.5347,0.5719,0.0519,0.1358,0.1787,3.7762,0.0231,0.5516,0.2027,0.0428,0.0000,1.1854,1.9632,0.0000,1.1274,0.6250,0.3124,1.7864,1.7092,1.2215,1.0983,1.8884,0.6129,0.7857,0.3300,0.1775,0.9972,0.1183,1.0685,0.0841,0.4037,0.4786,0.0722,0.3081,1.3622,0.2225,2.9735,0.0691,2.6641,1.1118,0.3668,0.5607,0.0947,0.0739,0.2579,0.0540,0.2192,0.0678,1.1322,0.5534,0.0000,0.6580,1.3177,0.3849,0.0806,0.1244,0.3689,0.4173,1.6014,0.5642,0.0244,0.3697,1.3930,1.0940,0.7906,0.1957,0.4309,0.5444,0.5406,0.2405,2.3305,0.9330,0.2570,0.2830,1.1852,1.1797,0.0609,0.0245,0.3037,0.2461,1.4035,0.1544,0.0043,1.8617,0.1791,0.0192,0.4754,3.9119,0.0012,1.0725,0.2272,1.9883,2.1089,0.0000,1.2123,0.3686,1.1310,1.4955,0.3306,0.3189,0.3646,0.1497,0.0816,1.1351,0.9825,0.0111,0.3100,0.3227,0.0152,0.0000,0.4252,0.3815,1.2734,0.2862,0.0462,0.0053,0.0201,0.8458,0.0472,0.5938,4.5389,0.3009,0.6193,0.2807,0.7102,1.0695,0.6749,1.1343,2.1907,0.0572,2.0221,0.4467,0.0000,0.3954,0.9715,0.1407,0.1961,1.4156,0.2424,0.6576,1.8362,0.3595,0.9451,0.6391,0.8138,1.2358,0.1497,0.0493,0.0000,0.1299,0.8094,0.6101,1.2888,0.1674,0.2835,0.4957,0.1408,0.5311,2.1073,1.0300,1.2889,3.2401,0.1554,0.4280,0.4179,1.5544,1.3685,2.2827,1.2268,0.3293,2.9508,1.1372,1.1976,0.3498,0.3433,0.1513,0.4971,0.3852,0.2828,0.6552,0.0706,0.7429,0.6458,0.5437,1.5121,0.0335,0.0266,0.9994,0.6945,0.0000,0.7190,1.1407,1.7077,1.4588,1.2201,0.9037,0.5136,3.6628,0.8488,0.0527,0.2147,0.6471,0.2296,0.9656,1.1342,0.0199,1.2851,0.3022,1.3569,2.0124,0.3673,1.2137,0.4308,0.1196,0.5914,0.1614,1.1819,0.0012,0.0074,1.8320,1.9061,0.0595,0.1634,2.1468,1.6849,0.2555,0.6996,0.5672,0.6883,0.0760,0.4961,3.8673,0.5440,0.8415,1.2191,0.1822,0.1876,2.4932,0.4324,0.1110,0.0992,0.4516,1.2913,0.0000,2.8059,1.0820,0.0000,0.5258,0.4379,0.3107,0.4970,3.9872,0.0043,4.5544,2.8056,1.5577,0.4658,0.5349,0.3095,0.2799,1.0385,3.0598,0.0684,1.5149,0.1690,1.0706,0.0000,1.1092,2.8378,0.3779,0.0203,1.6422,0.1306,1.1181,0.0000,0.0307,0.0000,0.7831,0.0230,0.0042,0.1548,0.7766,0.9329,3.0637,0.1996,0.7147,1.0499,1.8190,0.7281,0.0519,0.0000,2.7355,0.8305,0.1115,0.2860,1.2817,0.3677,0.0947,2.0952,0.0907,0.4203,1.3431,0.3684,0.2040,0.2393,2.1147,0.0394,0.0499,1.8851,0.8535,0.0210,0.8205,1.9869,1.6035,1.5893,0.4858,1.4015,0.0885,1.6529,0.1072,0.1160,3.4895,1.5123,0.2185,0.0070,2.0985,0.2680,0.7525,0.0836,0.2049
./images/random3.jpg,1.0773,1.1240,1.1163,0.2177,0.4871,1.3128,0.3033,0.0777,0.1981,0.3232,1.9546,0.1878,0.3508,0.0506,0.1904,1.6753,0.0262,0.7070,0.0557,0.1834,2.4887,2.8580,0.0513,0.5027,3.1665,1.4893,2.0571,1.6512,1.0900,0.4950,2.0888,0.6188,0.0000,1.1953,0.5091,2.5939,1.5650,1.0985,1.3463,0.1341,0.5894,1.0580,0.3546,1.4188,0.0065,2.8267,1.3252,0.6712,0.6292,0.8291,1.0957,1.3387,0.3457,2.7496,2.0400,0.4570,0.7929,0.9044,1.2771,0.3543,2.4077,1.4517,1.4258,0.2400,0.5372,1.0014,0.1724,1.0889,0.0565,0.5760,2.8726,0.0092,0.2876,1.0757,0.7246,0.8271,3.6470,0.0413,0.3792,0.4241,0.2859,0.2500,0.9235,1.8316,0.5745,0.6059,0.3969,1.7273,0.4000,0.2227,0.2146,1.3766,1.9095,0.5245,0.0972,0.4314,0.7001,0.6989,0.2843,0.5910,0.2071,1.1156,0.2462,1.3905,0.0405,0.3633,1.8682,3.0700,0.8508,0.3097,0.4536,2.3944,1.0856,1.0585,0.3479,0.4053,0.9022,0.6179,0.8295,1.1359,1.5582,1.3157,0.1159,0.6944,0.2014,1.0126,0.3976,0.9478,0.6341,0.8647,2.7069,1.0526,0.3549,0.3063,4.5496,0.6944,0.7360,2.4211,2.2183,2.6798,1.4684,1.6558,0.5798,1.8648,0.0000,3.1310,0.3047,1.5223,0.4642,3.6099,1.0927,0.0073,1.7918,0.2923,1.9662,0.7092,0.3778,0.5864,0.9911,0.5832,0.1689,0.0112,1.0168,2.7862,0.5369,1.8892,0.5174,0.6077,0.2623,0.8022,2.4794,3.2132,1.6136,2.2819,1.2723,1.2030,2.6836,0.5732,1.3637,0.2800,0.9491,1.0986,0.9234,0.9120,0.7928,0.3058,2.7633,3.3958,0.2530,0.7298,0.9852,1.7177,0.5628,0.2065,1.6450,2.9832,0.5446,0.2727,1.5596,0.7905,0.4468,3.3312,1.5459,0.8299,1.3249,0.1010,2.1008,0.5161,0.3169,1.4802,0.1786,1.9415,0.2642,1.8688,0.5227,0.0614,2.0521,1.6865,1.1279,0.2847,0.4823,2.4452,0.8597,0.6754,1.9076,1.8461,1.2731,0.5080,0.5161,0.5231,1.6885,0.0179,1.7019,1.8280,0.8015,0.1507,0.0000,0.7217,1.7943,0.0843,0.1311,0.4327,1.8134,0.6879,0.5771,0.8340,0.9760,1.3229,1.6379,2.7453,1.3926,0.9676,1.6400,0.4995,1.4833,1.6607,1.2567,0.6798,2.0158,4.3300,3.6895,1.0126,0.6827,0.5611,0.7529,0.3706,1.9796,2.2324,0.1278,2.5726,1.9412,1.1469,2.2018,0.2338,0.8706,0.5090,2.3983,2.4540,0.4214,0.8671,2.9882,1.1445,1.3007,0.8111,0.5429,1.2010,0.3738,0.0521,0.8459,2.0718,0.1398,1.6591,1.0726,1.6321,0.9645,0.7702,1.5836,0.0639,0.0871,0.2206,0.0026,1.6463,0.1572,0.6950,1.6795,0.9883,0.9127,1.4385,1.0803,2.7664,1.7215,0.2124,0.3122,0.2786,0.2585,0.1057,1.4207,1.0464,0.2729,0.3907,0.5558,1.0493,2.9033,0.3350,0.2141,0.4098,1.8853,0.0807,1.1978,0.0999,0.4094,2.2872,1.3642,1.2842,3.0922,1.1480,0.1932,1.1135,0.5560,0.2093,0.8812,0.9659,0.3433,0.3767,0.2150,0.0301,1.0534,0.0506,0.8304,0.0813,0.6394,0.6113,0.4478,0.8950,0.9532,2.7645,1.8999,0.2922,0.5204,2.2560,2.7947,0.3734,2.4060,0.0197,1.6441,2.2565,1.1180,1.8769,1.4620,0.4024,0.7848,0.0105,2.2296,1.5512,1.5144,0.1648,0.7695,0.9903,0.9130,0.3129,0.0614,1.6849,0.4763,0.5060,1.0395,0.3888,0.0139,0.5925,0.7248,2.0015,3.4501,1.7311,0.3169,0.8850,2.4322,3.2663,0.9390,0.2649,0.0071,0.5322,0.8446,0.5027,0.3813,0.5829,1.6258,1.6479,0.0173,0.5486,0.7856,0.7763,2.3491,0.3861,0.6835,1.7713,4.3751,0.7620,0.5186,1.8095,0.9043,0.4803,0.4608,1.4027,0.5373,0.7604,0.4294,1.1381,1.6857,3.5841,0.0400,1.8111,0.9181,1.8606,0.0817,0.0840,0.2335,4.2295,3.2870,0.1289,0.4181,0.4669,0.9937,1.2468,4.5406,0.2878,1.9505,3.5856,0.8857,1.6694,0.4282,0.8501,4.3734,0.5238,0.8374,1.3039,0.7427,1.2005,0.7533,0.6839,2.0559,0.0176,1.0884,0.3111,1.2966,0.2820,0.9381,2.9935,0.0056,0.6057,3.3658,2.9324,2.4683,1.0625,0.1657,0.7489,2.1898,3.7371,0.0082,1.6254,1.3046,2.0061,2.7215,1.7580,0.7820,0.7357,2.0463,0.4434,0.1738,1.1921,2.5016,1.4427,1.9673,0.2696,0.1974,3.1707,0.6815,0.2652,0.3380,0.9857,0.5705,0.4623,3.5612,1.2734,2.6184,0.2511,3.2570,1.2810,0.1849,0.7953,0.0472,3.2182,2.0931,0.5359
./images/random1.jpg,0.1665,0.9293,1.2526,0.3782,0.6112,0.5458,0.1395,0.2575,0.0362,0.9387,0.8595,1.4306,1.2267,0.4154,0.1816,0.3456,0.6242,1.4917,0.6993,0.9826,2.5529,0.3708,2.4577,0.1301,1.1880,1.2286,0.2615,1.0843,0.0461,0.4644,5.4452,1.4370,0.0172,1.2379,2.6876,2.9301,1.1312,0.2021,0.6595,0.3435,1.0371,0.9076,0.0817,3.7474,0.2647,0.9642,0.9025,1.8101,0.1636,0.2584,1.7493,0.2985,1.1066,0.7106,0.7919,1.4873,0.2091,0.2626,1.1751,0.1826,0.7590,0.2573,0.1622,0.3634,0.1975,0.7737,0.4680,0.1894,1.4401,0.1938,2.3236,0.6246,1.1360,0.1104,0.0677,0.0125,0.8396,0.0124,0.7619,2.5833,0.5557,0.6608,1.4820,0.5482,1.5803,0.1687,0.9356,0.4843,0.0494,0.0067,3.3793,0.6828,0.3742,1.3154,1.1713,0.1758,0.0302,0.6400,0.2468,0.6613,3.1756,0.5756,1.7433,0.7944,2.0521,0.2461,1.5331,1.9381,0.0989,0.0197,1.5714,0.1590,1.3647,0.0860,0.3146,0.9911,0.7344,0.1850,1.2513,1.8659,0.4878,0.0982,1.0225,0.1082,0.0755,1.1902,1.0594,0.2222,1.6687,1.4773,1.6234,1.3885,0.1524,1.2840,1.3030,0.5955,0.8035,0.7314,0.2186,0.4079,0.0356,1.2755,1.2038,1.0223,0.9626,2.0807,0.3308,1.1108,0.7378,0.2537,0.7379,0.1057,2.5667,2.5933,0.1287,0.4478,0.6170,0.4892,0.0673,0.4773,0.0358,0.0637,1.6611,1.2645,1.7337,0.7643,0.9427,0.9805,0.3534,0.1855,0.1668,1.9542,1.6430,1.2135,0.5922,1.7055,1.6368,0.1717,0.4531,1.7575,2.4869,0.9433,0.1967,1.2909,0.9787,0.7199,1.2627,1.5376,0.4255,0.3777,0.2597,0.4491,0.2964,1.7199,0.7997,0.9881,0.9289,0.0943,1.1641,0.1049,0.3046,0.0000,1.3085,0.2125,0.9780,0.6768,0.8495,1.1083,0.1991,0.2357,0.1351,0.4881,0.1721,1.0786,1.1922,0.4101,0.8479,1.2497,0.1158,0.0153,2.2944,1.1748,1.6464,0.8026,0.0083,1.4349,0.4526,0.0138,0.1086,0.0000,0.7268,1.5039,0.4910,1.8896,0.5411,0.6843,0.0000,0.0519,0.4457,0.7621,1.4654,0.1697,0.1005,1.2460,0.4479,0.7131,0.0943,0.6190,1.3993,1.0413,0.6385,1.5967,0.6957,0.3230,0.8190,0.6339,0.0678,0.7604,0.3751,2.7898,0.6234,0.1342,0.1158,1.0525,0.9348,0.8477,0.1970,1.8043,0.0923,3.7505,0.1020,0.7156,1.3043,0.0083,1.4424,0.0312,2.1856,0.4560,1.6125,0.2778,0.6136,1.5761,0.1273,0.4917,0.2193,1.2987,1.6760,0.0397,0.8179,1.6010,0.2671,1.1820,0.5100,0.4217,1.2406,0.0978,0.4280,0.2540,0.1622,0.6080,0.3655,0.0000,0.3091,0.4988,0.1621,0.0068,0.4367,0.9482,0.2366,0.7474,0.3757,0.3574,2.6909,0.8407,0.3902,0.6948,0.2471,1.9887,0.1020,0.6919,0.0000,0.2235,3.6364,0.1028,0.1411,0.4090,0.2889,0.3652,0.8713,1.1160,0.3396,0.9011,1.6349,0.8273,1.9484,0.0258,0.7801,0.7690,2.5546,1.4166,1.5090,1.2862,2.8562,0.8146,0.1775,1.7544,0.8564,0.8368,1.5373,0.9696,1.1322,1.5086,3.3575,0.5931,0.6072,1.7788,0.6830,0.6348,0.2042,0.5333,0.8000,0.2390,0.3701,0.1498,1.4866,0.8097,0.3986,0.6350,0.1613,1.8077,0.8073,0.2555,1.6598,0.0930,1.0095,0.6848,0.6731,0.6276,0.0757,3.6432,1.2131,0.2436,0.0270,0.4532,0.7122,0.2354,0.4788,2.1855,0.3295,0.3849,1.1765,1.5860,0.1236,1.1007,1.2082,2.3151,2.3514,0.3171,2.1511,0.0453,0.1677,0.0183,1.2811,1.4692,0.3688,1.3110,0.3182,0.4934,0.2911,1.1147,0.6412,0.0047,0.0478,1.3492,1.9161,1.4197,0.0907,0.2453,0.9757,1.0073,0.6839,0.6768,0.1123,0.5099,0.0611,0.2834,2.7318,0.7738,0.1406,0.6195,1.0780,0.7800,0.5319,1.5767,0.0989,4.4609,2.2325,2.4574,0.3114,1.7600,0.7419,0.6087,1.7487,0.2627,1.7509,1.1143,0.0617,0.7510,0.2813,1.6509,0.8177,0.7985,0.8385,0.8195,0.1292,0.4058,0.7309,1.3932,0.5378,0.0384,0.3330,0.1164,1.0738,1.4769,1.9635,0.3359,0.1388,0.0915,2.5174,0.9176,2.1745,1.8625,0.3827,0.3623,1.4427,1.6187,0.5826,0.0559,0.1225,0.5719,2.9650,1.7387,0.9729,0.7019,0.7622,0.7947,0.0890,0.4161,0.3038,0.0146,3.1951,0.2785,0.3391,3.2994,1.1668,0.5575,1.2748,0.1445,0.4720,2.4167,1.7897,0.5385,2.8915,0.0239,2.2010,0.6608,0.2651,0.5797,0.7176,1.7554,0.4153,1.1781
./images/monkey1.jpg,0.5575,1.0811,0.7813,0.1299,0.3663,0.2459,0.5460,0.3296,0.0057,0.8617,0.6173,1.0178,0.1914,0.1600,0.6115,0.0837,0.3262,1.3269,1.6225,0.6719,1.0641,1.2410,0.4603,0.1593,2.0580,1.7935,0.3029,1.1523,1.0207,0.7323,2.4762,1.1046,0.0707,1.4077,0.4309,2.6477,0.3309,2.3598,0.2213,0.2792,0.8804,0.5790,0.7655,3.4504,0.3813,0.7241,0.0149,1.5685,0.9168,0.6554,0.6096,0.0238,0.7121,0.1191,1.4102,0.4039,0.2257,1.3623,1.7240,0.0000,1.9686,0.1835,0.1115,0.1075,0.4353,0.6728,0.3421,0.7064,0.0090,0.6846,1.7895,0.1227,0.5347,0.3274,0.0441,1.1250,1.4156,0.0780,0.9665,0.9540,0.1887,0.0155,1.0510,0.2069,0.8107,1.0554,1.8426,1.5908,0.7403,0.4059,1.0830,0.4661,0.2899,1.2993,1.5213,0.2087,0.5863,1.0556,0.0333,0.8137,0.8537,0.0297,0.5419,1.2800,0.1249,1.8329,1.4465,1.1621,0.5587,2.2149,0.5798,0.5372,1.1324,0.1299,0.7735,0.2312,1.3595,0.1467,0.0925,2.0151,1.8813,0.1794,0.5329,0.0000,0.2014,1.3130,0.4361,0.0892,3.1224,1.1342,2.5024,2.4617,0.6444,0.8869,2.2497,1.3470,0.7229,1.7700,2.2682,0.4937,0.5652,0.3417,1.2304,1.8716,0.6775,0.2809,0.6366,0.8841,0.6888,0.3978,1.0585,0.0201,2.3228,2.3515,0.5194,0.5412,1.3378,0.2918,0.0002,0.1414,0.2292,0.0443,0.9854,0.6232,1.2532,1.4420,1.2002,1.0889,0.0080,0.1981,1.1157,3.3284,1.9726,2.6858,1.2072,0.5831,0.3894,1.1435,1.3733,1.5519,2.2493,0.3493,0.3967,2.8264,0.4828,1.5406,0.7190,2.5059,0.0410,0.0173,1.3813,0.3829,0.3690,1.0370,0.4505,0.8037,0.6984,0.0089,2.0188,0.6303,0.2600,0.4126,2.2739,0.3463,0.2250,0.5522,0.4188,0.1937,0.5950,2.1280,0.4640,1.1289,1.4476,4.1628,0.6696,0.0947,0.3142,0.6359,0.8031,0.2144,2.0114,0.7641,1.5754,0.9546,0.4531,1.8037,0.1775,0.7287,0.0631,0.1612,1.4539,1.8464,0.1233,1.4121,0.4578,0.3632,0.0000,0.1979,0.6949,0.2041,3.0239,1.1414,0.2119,0.9543,1.1709,1.0673,0.5103,0.9916,0.6166,1.0552,1.8517,1.6654,2.2615,1.6282,0.4102,3.0709,0.7343,1.1491,0.8138,1.4147,1.3225,0.1961,0.5162,0.5818,0.4104,2.9599,2.2649,0.7366,0.1110,3.2988,0.5034,1.5846,0.1831,0.5443,2.7735,0.1003,2.2110,2.9529,2.0506,0.5771,1.3618,2.0402,0.4978,0.3564,0.3700,1.8490,0.6698,0.3161,1.5586,1.3082,0.1201,1.8550,0.0702,1.3721,1.0767,0.7822,0.6386,0.1722,0.0509,0.4261,0.1430,1.5687,1.5717,0.7876,0.5651,0.2816,1.5687,0.3569,0.8046,2.1576,0.7585,0.0149,1.6601,1.0705,1.1944,0.1416,0.7608,0.6202,0.8070,0.0521,0.0000,0.0784,1.1526,0.2582,0.6189,0.1736,2.6638,0.0847,0.2879,0.1818,0.4981,0.8345,1.2576,1.1086,2.0452,1.7130,0.0693,0.5757,0.9609,0.5182,1.5225,1.1940,2.7388,1.0047,0.1180,0.3112,0.8316,0.7799,0.5211,2.3735,0.8446,2.0668,1.9041,0.7320,0.6056,2.9135,0.6992,0.2402,0.0000,1.8066,0.3947,0.1563,0.2307,1.1339,1.6742,2.9340,0.4947,0.7356,1.2646,1.3518,1.0600,0.0124,2.1402,0.8313,2.0786,0.3675,0.0527,0.9938,0.4816,1.6088,0.4103,1.0862,0.0043,0.0000,2.1904,0.7490,0.3224,2.1043,0.3552,0.3507,0.4332,1.3507,0.3443,0.4022,1.6288,2.5302,1.9115,0.0000,0.4507,0.8259,0.6879,0.3090,0.8468,0.0207,1.0507,3.8604,0.2419,0.3588,0.0000,0.1773,1.0201,1.1468,0.5798,1.5549,1.7407,0.8586,0.0110,0.0674,2.2028,0.3336,0.0657,0.0932,0.9762,0.7225,0.9847,0.0088,2.8923,1.2322,1.8124,1.8551,0.0987,2.9883,0.2170,1.2569,0.0000,5.4489,2.9189,0.6434,0.1326,2.8712,0.5420,0.4323,2.6954,0.9030,1.1006,2.4817,0.2929,2.2033,0.9805,1.4573,3.4839,0.3401,1.3983,0.6817,0.0006,0.6073,0.2383,0.4085,0.5649,0.7565,0.1050,0.5517,1.7970,1.5056,1.8329,2.6773,0.0000,0.0054,2.0821,1.0770,1.3257,0.0705,0.2477,0.6619,2.3580,0.6166,0.0000,0.1450,0.6087,0.6470,5.0999,2.8525,1.1183,3.0836,1.4643,1.0178,1.0736,1.2573,0.4338,0.0064,1.7803,0.0520,0.9627,2.8293,1.8372,1.2870,1.8883,1.3276,1.2375,0.1228,0.5661,0.4454,2.6774,0.9618,1.5335,0.8689,1.2941,0.5221,0.1233,1.1085,1.8296,0.5843
./images/monkey2.jpg,0.0932,0.1866,0.6057,0.8625,0.0359,1.3358,0.7909,0.7734,0.6420,1.0671,0.9935,0.7564,0.1732,0.9318,0.5963,0.6840,0.1802,0.1449,0.5756,0.6268,2.1800,1.8825,2.1797,0.0966,2.5530,1.0767,0.5188,0.7415,0.3903,1.4597,3.5479,0.9632,0.0161,2.0667,0.7984,3.1351,0.1082,0.8963,0.5660,0.5857,2.3044,1.0281,0.9567,1.9612,1.3731,1.4288,0.1435,0.6795,1.0011,0.8907,2.2560,0.3491,1.8404,2.1144,1.6698,0.7422,1.6036,0.9485,1.5243,0.1822,1.4967,0.8840,0.0024,0.0394,0.4695,0.9569,0.0510,0.3647,0.1332,0.0190,1.2317,0.2643,0.6704,0.0509,0.0938,0.2722,0.2756,0.0321,1.9419,1.6336,0.0245,0.4831,1.0720,0.4781,1.2557,0.1962,1.7726,1.8750,0.0011,0.0460,0.6870,0.2293,0.5016,1.3169,1.7833,0.3274,0.0000,0.3489,0.0000,0.9074,1.0593,0.1292,1.1141,2.2598,0.7290,0.6151,1.4459,2.6056,0.6113,1.5481,1.2184,0.2357,0.8277,0.7866,0.7175,1.0591,0.2701,0.7543,0.1130,0.6103,0.2231,0.1229,0.3968,0.0817,0.6799,1.5269,0.9189,1.7754,4.0902,1.9797,2.5581,0.3653,0.3885,1.8100,2.6332,0.0165,0.9615,3.9177,2.4073,0.5097,2.3102,0.7395,0.0596,0.3663,0.4154,1.3504,0.8084,0.1136,1.3026,0.9306,3.0338,0.2048,0.6124,0.9236,1.3925,0.4749,0.7257,0.6227,0.4200,0.7017,0.2676,0.4488,0.4112,3.0571,1.6645,1.6199,1.8500,0.4046,0.0126,0.1991,2.1253,1.1700,1.9876,3.2927,0.5566,1.5863,1.2713,0.0779,2.2414,1.1816,2.6369,0.4183,0.0023,1.0845,0.0347,1.7849,1.6287,2.1267,0.1741,0.0069,1.7871,0.1596,0.0218,1.7322,0.1049,0.3833,0.2833,0.0042,0.9681,0.4456,0.2379,0.4626,1.2256,0.8216,0.2356,0.6298,0.6562,1.0801,0.0577,0.7688,0.9609,1.7827,0.1452,3.5577,1.9111,0.7454,0.0000,1.0872,0.4511,0.3154,0.8326,1.1755,0.3379,0.2872,0.0911,1.4161,1.0183,0.6604,0.1401,0.5369,0.1022,0.1235,0.0544,3.4461,0.0351,0.6271,0.0000,0.5619,1.8932,1.4578,0.8313,2.0003,1.8445,0.1443,0.0010,0.7057,1.0039,1.6407,0.1200,1.0422,1.8513,0.1742,2.3613,1.6911,1.8921,0.5061,0.2884,0.2088,0.1388,2.4401,0.6842,0.3803,0.2326,0.6003,0.8828,3.0540,1.7999,1.6295,1.8957,3.2722,0.6110,1.1948,0.2103,0.0000,0.4487,0.0701,2.2886,2.0959,0.9206,1.6313,2.5961,3.3371,0.9237,1.6343,0.1780,0.8721,0.8125,0.6903,0.6537,0.0656,0.7424,1.1050,2.9875,1.2243,1.4133,0.4454,0.0093,0.2659,0.4602,1.0192,0.0316,2.4747,0.5269,0.6006,0.5680,0.0014,4.0763,1.4162,0.1153,1.8239,1.5844,0.0089,1.0837,0.0307,0.1213,0.2684,0.2246,0.9388,0.3089,0.3183,0.0114,0.2815,2.4866,0.0918,0.4313,0.8131,2.3512,0.0651,0.0273,0.7509,0.0280,0.4179,1.0714,1.7883,0.8666,0.7600,0.8459,0.2535,0.5435,2.2166,1.3127,2.0162,1.1656,0.0774,0.0539,0.7770,0.1436,0.1945,1.6649,1.0532,0.6674,0.6897,3.8555,0.1784,1.1185,5.3282,1.0816,0.2563,0.2147,0.0113,0.3259,0.0026,0.2450,0.4807,0.7609,0.3938,0.1973,1.5528,0.3204,1.3426,0.4810,0.1071,2.3590,0.1784,1.8061,0.0520,0.1713,1.7370,1.0544,1.6687,1.3080,1.6054,0.0039,0.3364,1.8911,0.3061,0.6063,1.4428,0.9327,2.5115,1.3868,1.1459,0.0525,1.4940,1.6686,1.7056,0.5475,0.0051,0.4938,0.4513,1.0627,0.0086,0.3204,0.4183,1.3682,3.8286,1.1527,0.1576,1.0562,1.2357,1.4354,0.3691,2.0145,2.0628,0.2983,0.5264,0.1857,0.0895,1.3312,0.0100,1.2328,0.1164,0.0000,0.1186,0.0509,0.7703,3.8401,0.4990,0.6808,0.4604,0.3154,5.4286,0.0941,1.2347,0.0718,3.9869,2.2983,0.0883,0.2736,0.6864,0.3679,0.3617,1.8704,1.3522,0.5366,1.8658,0.1545,0.5738,0.2862,0.0117,2.5171,0.0027,2.2780,0.2967,0.0000,1.2621,0.1468,0.6410,1.2778,0.4261,0.0000,0.0372,0.6438,1.9857,1.6616,2.9177,0.6419,0.0188,1.3228,1.8420,1.0098,0.6022,0.0571,0.0526,2.4963,1.3725,0.0000,0.1097,0.3019,0.3590,1.6219,1.4879,1.6142,2.2297,1.4410,1.2539,1.2039,0.4142,0.4390,0.0000,0.3225,0.1346,0.1327,3.4069,0.7075,0.4829,0.4105,0.2515,0.3378,1.9873,0.5169,0.0035,3.7878,0.9006,1.0547,0.6421,0.5455,0.2598,0.2110,2.3463,2.6272,0.6040
./images/monkey3.jpg,0.3136,0.3755,0.3324,1.2325,0.9065,0.0667,0.2245,2.5623,0.5556,0.1425,2.4329,0.1911,2.3887,0.8452,1.9564,0.5026,0.2553,0.5427,1.4557,1.5846,0.9383,2.5774,0.4975,0.1119,0.3290,1.4343,0.9359,1.8084,0.0258,2.3682,2.0126,0.3739,0.0446,0.2193,1.1391,2.6168,0.1564,0.1803,0.9588,0.3230,0.7003,0.6825,2.9943,3.2786,0.4994,0.9865,0.4894,0.5991,2.7528,1.0231,0.5037,0.2440,1.4743,0.1948,1.9824,0.4972,2.0390,1.0200,0.0949,0.1913,0.3854,1.0034,0.6277,0.6718,0.0000,0.2770,0.0068,1.7994,0.3812,0.3898,1.5716,0.1069,0.4495,0.3102,0.4119,0.3595,0.6227,0.0918,1.4694,1.1230,0.4757,0.0313,1.2516,0.3852,1.8193,2.0107,1.1624,1.9785,0.1280,0.2239,0.7631,0.9173,0.9246,1.2057,4.3670,1.3390,0.1969,0.8720,0.1773,0.0752,0.0621,0.0453,0.0598,0.9193,2.0123,0.7908,0.4846,1.9411,0.7796,2.0471,0.3064,0.1919,0.7819,0.4633,0.2319,1.2315,0.3972,0.3914,0.1988,1.2863,2.4733,0.9122,2.3601,0.8882,0.1077,0.4861,0.8687,0.3451,3.5068,0.2853,1.2602,0.5241,1.0274,1.5697,1.2425,1.6768,0.1087,1.8520,1.9311,0.4414,0.2084,0.5715,0.3923,0.9514,0.1526,2.0078,0.3279,0.5117,0.0808,2.5116,2.7931,0.3319,0.8054,1.4421,0.9240,0.7966,0.6339,0.0919,0.8973,0.6119,0.6202,0.0092,0.8020,1.5856,1.3416,0.2299,0.2163,1.8707,0.1403,0.4198,0.7615,1.5107,2.5623,2.5545,0.3274,1.3309,0.7544,0.1357,2.4342,0.7642,2.2684,0.8837,0.8121,0.6545,0.1949,1.3526,2.2268,0.6197,0.0260,0.0916,1.2358,0.3285,0.0403,0.5684,0.3995,0.5797,0.5768,0.3579,0.5651,0.0282,1.2052,0.1580,0.7837,0.0861,0.5695,0.1699,1.0000,0.2533,0.3748,0.7478,0.4618,2.4140,0.6597,3.9862,1.1330,0.2768,0.6383,0.3638,0.5842,0.4868,0.5253,0.1498,2.6365,0.3767,0.4186,0.8956,0.2123,0.8851,0.3279,0.2005,0.1144,0.6465,0.7586,1.1016,0.1987,1.2895,0.1107,0.7174,0.9126,1.0685,2.4270,1.3399,1.5270,0.8021,0.4719,0.3038,0.4447,1.4331,0.7602,1.8478,1.8317,0.1749,2.3153,1.4504,0.9372,1.1576,2.2778,0.4014,1.8195,2.1010,1.0515,0.6302,0.1249,0.2318,0.7294,3.3505,1.6120,0.7580,0.3314,5.6940,2.1158,1.4606,1.1918,0.2341,1.0708,0.0000,2.2552,1.2472,0.6915,1.5571,1.7098,1.0529,0.0062,0.6726,0.1952,0.4974,1.9929,0.2150,1.4336,0.3639,0.5815,1.1063,2.5356,1.7682,0.0562,0.0947,0.2275,0.6916,0.1154,0.1694,0.0796,2.1255,0.3373,0.3915,0.1006,0.3646,1.6866,0.2580,0.6263,1.7722,1.9923,0.1529,1.9031,0.0504,3.0846,0.6577,0.3562,0.4624,0.1039,0.5935,0.2711,0.1459,3.0846,0.0874,0.1656,0.9035,3.4385,0.0593,0.0082,0.4738,0.0058,0.1196,1.1910,0.5371,0.7223,0.2458,0.9630,0.0410,0.4860,0.8391,0.6718,0.5133,2.1848,0.7315,0.0127,1.1693,0.0970,0.6357,0.7341,2.4303,2.2429,0.0695,1.6396,2.2490,0.0012,3.4202,0.3106,0.9784,0.1501,0.2870,2.1855,0.0592,1.0818,0.1634,0.2936,1.6729,0.0911,0.9418,2.3415,1.8101,0.3287,0.0068,3.6354,0.6329,1.9889,0.0368,0.0569,0.2054,1.0944,2.2465,0.1157,0.5016,1.2102,0.6554,3.1680,0.4647,0.0531,3.2163,0.9300,0.6411,0.5090,1.1124,0.8428,2.8147,0.3545,1.2946,0.6611,1.2198,0.4096,0.8444,2.3490,0.1718,0.2321,0.1995,1.0058,3.2327,1.0829,0.4387,0.9150,1.1797,0.6166,0.1517,1.2007,1.4589,0.2907,0.2475,0.4451,1.1078,2.4849,0.5996,1.2242,1.3223,0.2766,0.3665,0.5336,0.5246,1.8574,1.0713,0.0375,1.9919,0.7270,1.0013,0.0116,1.3105,0.1289,3.8093,2.2595,0.3831,0.5177,1.8497,0.0880,0.2561,2.5449,1.7952,0.4103,0.8075,0.0898,0.8006,0.5047,0.2169,0.6846,0.5995,0.8715,0.5975,0.0004,1.7654,1.1791,0.4574,0.6073,0.2475,0.2171,0.3932,1.3174,2.6287,0.1135,0.5336,0.0072,0.4231,2.8288,1.8458,0.3809,0.1905,0.4063,1.7609,1.3179,0.4462,0.1374,0.0342,0.0057,0.5705,0.6982,0.4542,1.4814,3.4814,1.6499,0.1522,0.7620,0.8525,0.2388,0.8585,1.5021,0.2082,0.1467,3.6750,0.9165,1.4005,1.1457,0.2572,0.7286,0.5462,1.2959,0.4678,1.9228,0.6273,0.7384,0.7044,0.2089,0.9184,0.0292,1.6826,1.8777,1.7104
./images/guava3.jpg,0.7447,0.9363,0.5720,4.3872,0.9029,0.3051,0.1310,2.8705,0.4699,1.0597,0.4617,0.0655,1.1530,0.5240,0.2517,0.8209,2.2939,0.5212,0.3851,1.0151,1.9645,0.5055,0.9126,0.3588,1.2969,0.2907,1.7923,2.1575,0.2646,0.8124,2.1981,0.9154,0.1687,0.6273,1.1848,1.3694,0.0528,0.0539,1.8796,1.6909,1.1505,0.6057,3.1474,1.2622,0.7644,2.0687,0.0328,0.7368,0.4996,2.7423,0.5758,0.8229,0.7774,2.1630,1.4683,0.4724,0.2218,0.2238,0.0000,0.4838,1.8249,0.4834,0.0581,0.1731,1.4668,0.2275,0.3739,0.4199,0.1037,0.0373,0.5515,0.0070,0.1924,0.6907,2.5480,0.0781,0.7120,0.4265,2.1589,0.9871,0.2283,0.2810,0.3042,1.7573,0.8726,0.1614,1.7416,0.7479,0.3557,0.2614,1.1543,0.4556,0.7566,0.9851,2.2920,2.0433,0.1977,0.5635,0.3184,0.3926,0.1870,0.1742,1.2051,1.3125,1.7733,0.3454,1.7249,0.7487,0.0335,0.2978,2.7786,1.2113,0.5652,0.4148,0.8930,1.3957,0.0132,0.3297,0.0110,0.5211,1.3208,0.7236,0.7929,1.3897,0.2478,1.3622,0.0060,0.8250,2.1642,0.1786,1.0420,0.0644,0.6650,2.4381,1.1777,0.5337,1.0051,0.8137,0.1344,0.0016,0.2091,0.7067,0.0776,1.4969,0.4369,1.9482,0.0198,1.1634,0.3049,1.2471,3.3180,0.5720,0.7652,1.2753,0.4346,0.9209,0.1242,0.3941,0.6924,0.0767,0.3753,0.4032,0.5127,1.3683,0.5214,0.5637,0.8774,0.4435,1.0690,0.0398,1.0277,1.6063,3.5594,1.2479,0.5460,0.9338,0.9530,0.0098,1.1185,0.9622,0.6314,0.5003,0.2582,0.2933,0.5720,0.5334,1.6860,3.2581,0.3015,0.4070,0.6514,0.0397,0.0905,0.9469,0.3376,0.0329,0.0673,0.1096,0.1803,0.2383,1.1961,0.1328,0.5475,0.4349,1.3942,0.8143,0.2922,0.7325,0.6365,0.2575,1.9551,0.2061,0.2087,0.8878,1.1340,0.6774,0.6080,0.8223,0.1141,0.7385,0.1662,0.1521,0.6800,1.0657,0.0609,1.8575,1.8551,0.7236,1.3309,1.0962,0.0474,0.1669,1.1370,1.7708,1.1086,1.2285,0.0418,0.2423,1.1413,0.5880,0.8016,1.3739,0.0996,1.0914,0.0326,0.8206,0.9687,0.7692,0.0389,0.5210,1.2169,1.0715,1.1190,0.4413,1.2183,0.9132,0.7821,0.1409,0.5461,2.0731,0.2427,0.0850,0.3951,1.1759,0.7783,1.4248,0.5753,0.3625,1.0332,1.5583,0.0762,1.1433,0.7790,0.5719,1.8164,0.0840,1.2642,0.2396,0.1690,0.5142,1.5999,0.5536,0.0014,0.4307,0.4019,0.3338,1.3295,0.5500,2.2582,0.1861,0.5036,0.6227,1.6198,1.3482,1.4261,0.3713,0.1369,0.6253,0.0728,0.3798,0.0224,0.0682,1.1928,0.0107,0.0904,0.0382,0.6192,1.1134,0.5741,1.1357,0.5321,0.2058,1.0454,0.0218,0.6335,2.0085,0.3653,0.4357,0.1031,0.3727,0.1066,1.0512,2.5604,0.5579,0.1965,0.6510,1.3526,0.0077,0.5697,1.1579,0.1593,0.3646,1.5213,0.1098,1.0892,0.4294,0.7492,1.6636,0.2799,0.5466,1.1622,0.7462,0.6590,0.0263,1.0506,1.3835,0.0599,0.4899,0.8926,2.8404,1.1246,2.0335,2.4545,1.1952,0.7178,2.3071,0.4834,0.5489,0.3596,0.1466,1.5322,0.1251,0.2024,1.5500,0.1782,0.5540,0.2391,1.3985,0.3084,2.1851,0.9946,0.0132,1.5511,0.1003,1.4164,0.8314,0.1662,0.3052,0.2732,2.8348,0.3752,0.8795,1.2642,0.2987,1.6538,0.1574,0.6633,3.0392,0.2593,0.6266,0.1146,1.7433,0.0836,4.0548,0.7722,3.5550,1.2552,0.5521,0.2521,0.1852,0.1290,0.1499,1.5726,0.5203,0.0970,1.6200,0.5947,0.6943,0.4969,0.6196,0.7863,0.0543,0.9846,1.3057,1.3757,0.3334,1.1749,0.0801,1.3581,0.6846,1.6477,0.6907,0.0000,0.4934,0.4345,0.1039,0.7665,0.1764,0.5500,0.3635,0.2221,1.3552,0.4042,2.5975,0.5199,2.3591,3.4395,0.4347,1.4677,1.6347,0.2724,0.3282,2.5416,1.7367,0.1277,2.7069,0.1985,0.2265,0.0000,0.9658,0.6780,0.4433,0.0232,0.8887,0.0090,1.5703,0.0947,0.7023,1.3299,0.1768,0.0444,0.0574,0.0000,1.1360,0.3977,0.6425,0.0079,0.3069,3.0766,1.1311,0.4532,1.2671,0.7249,0.0503,0.8189,0.4269,0.5537,0.6337,0.6477,0.8193,0.3038,0.2990,1.9494,2.3451,0.6553,0.0818,0.4974,0.0719,0.0385,0.7576,1.0598,0.1690,0.0519,3.0879,1.3592,0.9877,0.9101,0.5136,0.2993,1.9552,0.8109,0.1781,1.2825,0.4301,1.8948,0.5817,0.0072,1.7041,0.2658,0.9297,2.3878,1.1974
./images/guava2.jpg,0.2046,0.3168,0.5007,2.1095,0.4740,0.4084,0.3194,0.6957,0.1048,1.0677,1.5946,0.5653,1.7003,1.2729,1.5222,1.2276,0.5924,1.0900,0.0976,0.2260,1.8277,0.4895,0.0797,0.4412,1.2023,1.0706,1.5957,0.4955,0.0735,0.3146,1.6125,1.0889,0.0000,0.4749,0.2198,0.6868,0.1130,0.0266,0.9245,1.0142,1.4185,1.1688,2.8996,1.2007,0.4501,1.2903,0.1922,1.3022,0.4125,2.0023,0.9493,1.0046,1.1432,1.3144,0.3076,0.7655,0.0344,0.5997,0.2786,0.0380,0.8542,0.3373,0.5260,0.1707,1.1785,0.2468,0.4549,0.0459,0.1018,0.1166,0.5418,0.2692,0.1092,0.9015,2.8299,0.1397,0.1569,0.3041,0.8390,0.6017,0.3149,0.4436,1.7792,0.8616,1.4152,1.1988,1.8363,0.6407,0.7433,1.2417,1.3328,0.0662,2.3692,2.4758,1.1904,3.3947,0.0458,0.7104,0.1368,0.3830,0.0815,0.3031,1.2547,2.2223,1.4065,0.6341,1.0138,1.5217,0.1463,1.0213,2.1625,1.4145,0.9736,0.0497,0.1882,0.2677,0.1292,0.6472,0.8225,0.7577,0.4008,0.1973,1.1457,0.7871,0.0755,2.9944,0.2140,0.5382,2.0096,0.6556,0.8801,1.2162,1.3308,3.0910,1.1038,0.7636,1.5250,1.2999,1.4314,0.7329,0.0077,0.2179,0.1169,0.5804,1.7756,1.9140,0.0167,1.2555,0.3192,0.8237,3.5304,0.0161,3.4859,0.3807,0.4612,0.4944,0.2975,0.8414,0.3227,0.0939,0.2459,0.1713,0.0048,1.9828,0.1931,1.3437,1.1778,0.4821,0.2239,0.0000,1.0005,2.7388,2.2142,1.4982,0.2691,0.4033,1.2988,1.1373,1.6853,2.1239,1.0493,0.9399,0.0924,0.3097,0.1857,0.8816,1.8363,2.5292,0.1188,0.0295,1.8808,0.4539,0.1609,1.8427,1.1044,0.7360,0.7923,0.3305,0.1527,0.3479,0.5112,0.1855,1.2268,0.5260,2.0234,0.5270,0.1148,0.0991,1.2181,0.7982,0.1779,0.7874,2.0113,1.1492,0.4597,1.2812,0.9777,0.4287,0.6584,0.4597,0.0170,0.7608,0.9883,0.7060,0.5059,1.1679,2.2912,0.6811,0.5371,0.6401,0.0701,0.1568,0.4042,1.5513,0.8052,0.8313,0.1851,0.5163,0.6345,0.5239,0.4744,0.8031,0.1550,0.5409,0.4235,0.0255,0.9472,0.8333,0.2204,0.7873,0.4982,1.0682,1.1886,0.1330,1.2691,1.6827,0.2660,0.3096,0.4510,1.2071,0.3507,0.6483,1.1542,1.0402,0.3449,1.1410,0.2665,0.0694,0.8556,2.4215,0.0065,0.3126,1.1924,0.1938,2.8266,0.0485,0.5593,0.9565,0.9153,0.8142,1.4902,1.7960,0.3792,0.4698,0.6133,0.3119,1.9239,0.0671,1.6047,0.0222,0.0726,0.1016,2.2292,0.1034,1.5371,0.7844,0.1865,0.2945,0.0588,0.1609,0.1905,0.3069,0.0772,0.3220,0.5485,0.3995,0.7766,0.7727,0.0429,0.2416,1.2616,0.0805,1.9621,0.1107,0.2859,0.9162,0.5728,0.1764,0.0732,0.1055,0.0508,1.0279,2.5235,0.1376,1.9199,0.0943,0.9932,0.2990,0.4063,2.3773,0.1074,0.5806,0.6744,0.2951,1.0583,1.4491,0.3853,0.8766,0.6810,0.1566,0.4353,0.2360,0.0382,0.1988,0.2975,0.5902,0.2394,1.3284,2.1120,2.4911,1.3096,0.9812,2.1119,0.6704,0.6008,2.9433,0.8222,1.2930,0.0082,2.8588,0.7901,0.5159,0.1631,1.2679,0.0434,0.8710,0.1238,1.7900,0.3332,1.5249,0.1062,0.0656,2.7795,0.1623,2.7368,0.4440,0.1767,0.8240,0.3918,0.8821,0.4662,0.4366,1.2038,0.2120,2.1729,0.4640,1.4031,1.7992,0.6966,0.2470,0.8083,1.7550,0.4546,2.7632,0.9623,2.1001,1.5164,0.5821,0.4139,0.3035,0.2250,0.3773,0.1725,0.5605,1.0996,1.7480,0.3659,1.5760,0.4394,0.2318,0.7396,0.0000,1.4742,2.6560,1.7183,0.2128,0.1145,0.1567,1.2867,0.8099,1.0804,0.3369,0.5950,1.4984,0.5937,0.1288,0.9130,0.7272,0.0293,0.4401,0.6111,1.9900,0.8654,1.2961,0.0952,3.2021,1.4648,0.2606,1.5078,0.6677,0.5460,0.1470,2.7019,1.9734,0.1374,3.7687,0.1958,0.5665,0.4951,0.7859,0.2750,0.5876,0.0936,1.4934,0.6279,0.9324,0.4801,0.3925,1.3186,0.1446,0.1338,0.0495,0.6779,0.7435,0.2234,0.9184,0.3751,0.4092,4.1362,0.9345,1.2530,0.2546,0.2250,0.0184,1.3863,1.2022,0.1100,0.2565,0.2731,0.4544,0.7143,1.2712,1.7081,2.2998,0.9575,0.3036,0.0858,0.9223,0.1406,1.3270,1.9362,0.3617,0.2707,2.5109,0.6286,2.3269,0.7940,0.0417,0.1401,0.6061,1.1444,0.0849,2.1185,0.8795,2.3386,0.0746,0.1757,0.6455,0.1745,1.0764,2.9912,0.8553
./images/random8.jpg,0.8591,0.0000,0.9292,0.4494,0.1268,0.8417,0.2317,0.0300,0.0050,3.9008,0.5315,0.0724,1.5922,0.7267,0.1792,0.7950,0.1209,0.6297,0.4691,0.5257,0.5782,1.0853,0.9063,1.2712,1.2039,2.7037,0.0661,0.8772,0.5668,0.7299,2.4345,0.2192,0.1377,2.2408,0.9407,1.8121,0.7229,0.0220,1.1724,1.5557,1.7619,1.6624,0.1729,0.5286,0.8113,2.6551,1.6507,1.5629,0.4142,0.4792,0.9453,0.9670,1.7709,2.4469,1.7966,0.2927,0.4263,0.3823,0.2059,0.6244,2.0120,2.5243,0.3642,0.1079,1.5109,0.9503,0.0009,0.8714,0.0694,1.4879,0.9369,0.3149,0.7521,0.1987,0.5054,0.8008,0.0508,0.3500,0.2654,1.8648,0.1658,1.3412,1.3749,1.7077,0.4757,0.0292,0.8730,1.0492,0.3152,0.8308,1.5232,0.1295,0.2437,0.0703,0.4293,0.6847,0.2245,2.5977,0.3225,0.6799,1.5549,1.2603,0.1151,1.5500,0.2323,1.7063,1.7668,1.8081,1.8075,0.3214,2.2738,0.0192,0.1777,0.2311,0.2331,2.0037,0.0473,0.4732,1.1941,1.0249,0.3175,2.8162,1.3736,0.2652,0.8031,0.2880,0.5465,0.2819,0.8406,0.2740,0.6860,0.1654,1.4114,2.2953,1.6953,0.1161,0.1812,0.6248,0.9422,1.1037,0.1135,1.6819,0.8322,0.0267,1.2829,2.2426,0.1581,1.6934,0.1290,0.4100,0.3955,0.0378,0.1530,1.2461,0.8683,0.0656,0.0000,0.4937,0.0941,1.8227,0.1087,1.0339,0.0995,0.9924,0.4187,1.4813,0.3038,0.0344,0.3945,0.4003,2.2016,0.7466,1.2459,3.6014,0.3591,3.1071,1.9088,0.2375,0.9032,0.7473,1.5452,0.0353,0.9525,0.6754,0.0000,1.4639,0.2365,2.3725,0.7787,0.8857,0.5386,1.9755,1.8723,0.2475,1.1639,0.4238,0.6105,0.5044,0.4909,0.1039,0.6428,0.4182,1.2099,0.1931,0.3538,0.7373,1.3903,1.3138,2.3319,0.3321,0.3146,1.5016,1.1647,0.6047,0.3980,1.8355,2.4128,1.0002,1.6918,1.7712,0.3224,1.5449,1.6790,0.2745,1.1565,0.5449,0.8174,0.1074,0.4347,0.1018,0.2220,4.1797,0.3008,4.0218,0.3096,0.0054,0.0799,0.3304,1.5991,0.5982,0.4650,0.1079,2.2132,0.2270,0.6583,0.8801,0.1943,1.0047,0.8674,2.2163,0.2817,3.1575,2.1763,0.1867,0.8752,0.5957,0.3770,2.8116,1.3896,0.5773,3.3180,3.2689,0.1555,2.0595,0.6955,0.0670,0.4470,1.4388,0.6898,1.0086,0.9386,0.8691,1.3160,0.1229,1.7375,0.8244,1.4009,1.0870,2.6159,0.0000,0.6795,0.4260,0.0823,1.4959,0.5704,0.1298,1.0352,0.8501,0.1910,0.2385,0.1083,1.1775,0.7416,1.5458,2.4872,0.8997,0.0927,0.5942,0.0405,1.1278,0.2267,0.2446,1.1282,1.3289,0.6345,0.0743,0.1498,0.1690,0.4271,2.3867,0.6358,2.1402,2.1020,0.8951,0.3686,0.2696,0.1213,0.8812,0.2491,1.2541,0.6762,0.2200,1.7018,2.7012,0.1290,0.4621,0.7525,0.0171,3.3811,0.8931,1.6353,1.1932,1.4434,0.8127,2.3798,0.0081,1.7688,0.5457,0.3240,1.0690,0.6702,0.3727,3.8355,1.1030,0.4521,0.5112,1.7078,0.2665,0.3224,0.2220,2.0212,0.7189,0.4009,2.1499,1.1314,2.7399,0.1436,0.2419,1.6693,1.3214,1.5967,0.0060,1.4544,0.6038,0.2389,1.0533,3.6715,2.7918,0.6726,0.1834,1.3869,0.7937,1.0089,0.4290,0.6484,1.8596,1.4736,0.3476,0.3857,0.7852,1.2730,0.3649,0.3707,2.3199,0.3825,2.1047,0.0766,2.3166,0.5339,1.8218,0.2780,0.8521,0.0544,0.8232,1.0249,0.6327,0.1893,0.7260,0.1816,0.1221,1.0335,0.6439,0.6665,0.3931,0.3356,1.3405,0.1302,1.6466,0.7997,0.0240,1.2252,1.1476,2.0863,2.9486,2.6079,0.9706,1.3941,0.6481,2.6256,0.2802,0.5571,0.2048,0.4006,1.4420,0.0066,0.8132,0.3164,1.7458,1.3582,0.2183,0.0337,1.0543,0.0996,1.1400,2.9600,2.7712,2.4436,0.1571,0.9640,1.0760,1.3350,1.8594,0.8192,1.1690,0.2985,2.4040,0.1087,0.6280,0.6495,0.6084,1.1810,0.3119,1.3759,0.6968,1.0997,1.3739,0.4718,1.7459,0.9316,0.1519,1.0053,0.3149,0.8445,0.2535,1.3112,0.5879,0.0124,0.1496,0.3705,1.7500,1.2369,0.8540,0.2208,0.4643,0.0482,0.1813,0.2373,0.2157,2.9998,0.1371,1.7112,0.9010,0.5919,1.1245,0.3159,0.0093,0.8167,0.8529,0.1320,0.1039,1.7793,1.7407,0.7330,0.9940,3.7023,0.3283,1.0552,0.1036,3.4092,1.7685,2.6302,0.5790,0.5993,3.4302,2.8453,0.3364,2.2838,1.3216,0.1132,0.3178,0.5099,0.0249
./images/guava1.jpg,0.2810,1.1256,0.9078,0.1223,0.7276,1.0914,0.0020,0.7240,0.0352,0.7461,1.8390,0.6580,0.8605,0.9235,0.2563,1.4553,0.2594,0.5415,0.0000,0.2151,0.8903,1.5676,0.0925,0.8756,1.4095,0.4732,1.1381,0.7231,0.7844,0.5874,1.8287,1.3767,0.0000,1.6481,0.5471,0.2460,0.2873,0.3337,1.1608,0.9369,0.6959,0.4408,2.8026,0.6544,1.0317,2.1198,0.0714,2.4482,0.4930,0.1946,0.6046,1.6496,0.7062,0.8064,0.3008,2.2368,0.0444,0.5409,1.2158,0.0727,0.2838,1.0350,0.3726,0.2261,0.5058,1.3648,0.3974,0.0504,0.1466,0.1296,1.1687,0.2215,0.3357,1.2424,2.2945,0.0428,0.5951,0.2496,0.2476,2.6967,0.4366,0.3420,0.7944,1.0516,1.0429,0.0304,4.9528,0.5409,0.0790,2.1565,1.7548,0.0274,1.2158,2.0171,0.1867,1.4906,0.4836,0.5189,0.4172,0.1138,0.0448,0.8778,1.4946,2.9631,1.3148,1.8130,0.7765,0.8214,0.0433,1.8111,2.5574,0.8106,2.7559,0.4352,0.1357,0.1634,0.0471,1.0199,0.6038,0.2803,0.2278,0.0473,0.5930,1.0922,0.0602,5.7204,0.4653,0.2898,1.1778,1.0206,3.4754,0.4341,0.1889,2.0588,2.7143,1.0011,0.7010,0.6376,1.4887,0.2336,0.0007,0.1503,0.4227,0.8366,1.9911,1.5318,0.0000,1.2825,0.2188,0.0638,3.5010,0.0023,1.8879,0.9556,0.1570,0.7475,0.1912,0.2887,1.0600,0.0827,0.2400,0.1967,0.2710,0.9473,0.1854,1.8418,0.2264,0.1779,0.7006,0.0000,1.0860,2.3646,1.5907,3.7451,1.8768,0.4362,1.1703,0.3767,0.3694,0.4689,1.3855,0.4766,0.0661,0.5728,0.8509,2.0163,1.4964,2.5196,0.0577,0.0156,2.1358,0.1022,0.2903,1.9726,0.4119,0.5520,0.4753,0.1968,0.0092,0.4624,0.4879,0.0013,1.0818,0.2613,0.8108,0.7607,0.4161,0.1227,1.5882,2.6065,0.5964,2.1499,0.6081,1.6316,0.8606,0.4453,0.6005,0.6431,0.1036,0.0432,0.2199,1.3176,1.5567,0.6478,0.2702,1.2195,1.3661,0.0131,0.0000,1.3044,0.4977,0.0069,0.1158,1.4372,0.9901,0.7800,0.1165,0.6978,0.6264,0.1274,1.5626,0.0000,0.2988,1.1102,0.5967,0.5225,0.8204,0.6848,0.0220,1.6438,1.2406,2.6916,0.2584,0.0001,0.0013,2.2315,0.4371,0.6967,0.2469,2.1064,0.0781,0.3763,0.7974,1.6822,0.0523,0.7673,1.2999,0.0791,0.8969,2.5993,0.0876,1.2491,0.5942,0.0353,3.6681,0.3479,0.6180,1.0629,1.4760,0.9714,0.6584,2.1688,0.3016,0.9842,0.9384,0.5968,0.8739,0.0073,1.5411,0.0686,0.0962,0.0795,1.8098,0.2795,0.9236,0.4156,1.0728,0.7647,0.0594,0.6161,0.5247,0.8177,0.0811,0.5822,0.3381,0.8315,1.5347,1.1948,0.0619,0.5283,1.4302,0.0129,1.5498,0.7417,0.8057,1.9707,0.0056,0.2252,0.1524,0.1794,0.0000,0.3365,1.1001,0.0366,0.7880,0.2881,0.3965,0.9011,0.9349,2.1228,0.0228,0.1891,1.3646,0.0000,0.4091,1.1816,0.2219,1.6959,2.1485,0.4845,2.1459,0.3320,0.2941,1.3434,0.6099,0.6970,0.7085,1.2524,1.8733,2.1811,2.0035,0.6490,1.7240,0.6911,0.0017,4.9280,1.7694,0.2527,0.0592,0.8658,0.0459,0.1646,0.8327,0.1852,0.4103,1.2328,0.4658,1.2564,0.0542,0.5902,0.7487,0.3710,1.1933,0.0775,1.5085,0.1135,0.1413,0.4494,0.2101,0.6689,0.0002,1.8144,0.5658,0.0329,2.3930,0.0256,0.7793,3.4811,0.5612,0.4149,0.4143,1.1794,0.2280,1.8337,1.2990,2.3901,2.4469,1.2868,0.1411,1.8933,0.1810,0.0046,0.5689,0.5494,0.7582,1.4724,0.0691,0.4998,0.9924,0.4628,1.3422,0.0150,2.2424,1.4488,2.2811,0.0000,0.0182,0.0286,1.8162,0.6388,0.8959,0.0694,0.3893,0.2699,0.7766,0.0755,1.0882,0.4370,0.1805,0.7690,1.0480,4.7213,0.0718,0.3295,0.1653,2.7001,3.6884,2.2251,1.3689,0.1844,1.1869,0.0101,3.5643,0.1771,0.3849,1.3546,0.0274,0.4956,0.1766,0.7516,0.3849,1.0952,0.4709,1.6227,0.0824,0.9529,0.9788,1.0977,2.2465,0.3204,0.0178,0.0002,0.0154,0.8721,0.9967,1.0864,0.0619,0.6890,2.0601,1.1086,1.1797,0.0652,0.1082,0.0446,1.2246,0.7200,0.1409,0.7518,0.4696,0.9452,0.2631,0.8018,2.5002,0.9294,2.4818,0.1598,0.0000,0.4377,0.0196,0.5684,1.7408,0.2581,0.0628,2.6151,0.3738,2.3473,0.2856,0.1041,0.6227,0.2955,2.0257,0.2822,4.6709,0.9679,1.5612,0.5841,0.0299,0.2722,0.3195,0.5561,4.0808,0.0316
